date,open,high,low,close,volume,average,barCount
2023-10-23 03:15:00,21.83,21.85,21.83,21.85,0.0,0.0,3
2023-10-23 03:16:00,21.84,21.85,21.83,21.83,0.0,0.0,3
2023-10-23 03:17:00,21.82,21.83,21.82,21.83,0.0,0.0,2
2023-10-23 03:18:00,21.82,21.84,21.82,21.84,0.0,0.0,2
2023-10-23 03:19:00,21.87,21.87,21.85,21.85,0.0,0.0,3
2023-10-23 03:20:00,21.82,21.82,21.79,21.79,0.0,0.0,3
2023-10-23 03:21:00,21.76,21.8,21.76,21.79,0.0,0.0,4
2023-10-23 03:22:00,21.8,21.82,21.8,21.82,0.0,0.0,2
2023-10-23 03:23:00,21.84,21.86,21.84,21.86,0.0,0.0,2
2023-10-23 03:24:00,21.88,21.89,21.85,21.85,0.0,0.0,4
2023-10-23 03:25:00,21.83,21.83,21.82,21.83,0.0,0.0,3
2023-10-23 03:26:00,21.84,21.87,21.84,21.87,0.0,0.0,3
2023-10-23 03:27:00,21.86,21.89,21.86,21.88,0.0,0.0,3
2023-10-23 03:28:00,21.89,21.89,21.88,21.89,0.0,0.0,3
2023-10-23 03:29:00,21.88,21.91,21.88,21.91,0.0,0.0,3
2023-10-23 03:30:00,21.96,21.98,21.96,21.97,0.0,0.0,3
2023-10-23 03:31:00,21.94,21.94,21.93,21.93,0.0,0.0,2
2023-10-23 03:32:00,21.95,21.95,21.94,21.95,0.0,0.0,3
2023-10-23 03:33:00,21.94,21.97,21.94,21.97,0.0,0.0,3
2023-10-23 03:34:00,21.96,21.96,21.95,21.96,0.0,0.0,3
2023-10-23 03:35:00,21.98,21.98,21.98,21.98,0.0,0.0,1
2023-10-23 03:36:00,21.97,21.97,21.93,21.93,0.0,0.0,3
2023-10-23 03:37:00,21.94,21.95,21.94,21.94,0.0,0.0,3
2023-10-23 03:38:00,21.95,21.98,21.95,21.98,0.0,0.0,3
2023-10-23 03:39:00,21.99,22.04,21.99,22.03,0.0,0.0,3
2023-10-23 03:40:00,22.04,22.04,22.04,22.04,0.0,0.0,1
2023-10-23 03:41:00,22.05,22.07,22.05,22.06,0.0,0.0,3
2023-10-23 03:42:00,22.13,22.19,22.13,22.17,0.0,0.0,4
2023-10-23 03:43:00,22.18,22.2,22.18,22.19,0.0,0.0,3
2023-10-23 03:44:00,22.2,22.22,22.19,22.22,0.0,0.0,4
2023-10-23 03:45:00,22.21,22.22,22.21,22.22,0.0,0.0,2
2023-10-23 03:46:00,22.2,22.2,22.18,22.18,0.0,0.0,3
2023-10-23 03:47:00,22.19,22.19,22.18,22.18,0.0,0.0,4
2023-10-23 03:48:00,22.17,22.17,22.11,22.11,0.0,0.0,3
2023-10-23 03:49:00,22.1,22.1,22.09,22.09,0.0,0.0,2
2023-10-23 03:50:00,22.08,22.11,22.08,22.11,0.0,0.0,2
2023-10-23 03:51:00,22.12,22.13,22.12,22.13,0.0,0.0,2
2023-10-23 03:52:00,22.14,22.15,22.14,22.15,0.0,0.0,2
2023-10-23 03:53:00,22.16,22.19,22.16,22.18,0.0,0.0,4
2023-10-23 03:54:00,22.17,22.18,22.16,22.18,0.0,0.0,3
2023-10-23 03:55:00,22.19,22.22,22.19,22.22,0.0,0.0,3
2023-10-23 03:56:00,22.21,22.24,22.21,22.24,0.0,0.0,2
2023-10-23 03:57:00,22.23,22.25,22.23,22.25,0.0,0.0,3
2023-10-23 03:58:00,22.26,22.26,22.23,22.26,0.0,0.0,4
2023-10-23 03:59:00,22.25,22.27,22.25,22.27,0.0,0.0,3
2023-10-23 04:00:00,22.26,22.26,22.26,22.26,0.0,0.0,1
2023-10-23 04:01:00,22.25,22.29,22.25,22.29,0.0,0.0,3
2023-10-23 04:02:00,22.28,22.32,22.28,22.32,0.0,0.0,4
2023-10-23 04:03:00,22.36,22.36,22.35,22.35,0.0,0.0,4
2023-10-23 04:04:00,22.34,22.35,22.32,22.32,0.0,0.0,4
2023-10-23 04:05:00,22.34,22.34,22.28,22.28,0.0,0.0,3
2023-10-23 04:06:00,22.27,22.27,22.19,22.19,0.0,0.0,4
2023-10-23 04:07:00,22.21,22.21,22.17,22.17,0.0,0.0,2
2023-10-23 04:08:00,22.16,22.17,22.14,22.14,0.0,0.0,3
2023-10-23 04:09:00,22.13,22.14,22.13,22.14,0.0,0.0,2
2023-10-23 04:10:00,22.13,22.13,22.13,22.13,0.0,0.0,1
2023-10-23 04:11:00,22.11,22.12,22.11,22.12,0.0,0.0,2
2023-10-23 04:12:00,22.1,22.1,22.03,22.03,0.0,0.0,3
2023-10-23 04:13:00,22.04,22.06,22.04,22.05,0.0,0.0,4
2023-10-23 04:14:00,22.03,22.03,22.02,22.02,0.0,0.0,4
2023-10-23 04:15:00,22.03,22.04,22.02,22.02,0.0,0.0,4
2023-10-23 04:16:00,22.0,22.0,22.0,22.0,0.0,0.0,1
2023-10-23 04:17:00,21.96,21.98,21.96,21.98,0.0,0.0,3
2023-10-23 04:18:00,21.98,21.98,21.98,21.98,0.0,0.0,0
2023-10-23 04:19:00,21.98,21.98,21.98,21.98,0.0,0.0,0
2023-10-23 04:20:00,21.99,21.99,21.99,21.99,0.0,0.0,1
2023-10-23 04:21:00,22.0,22.02,22.0,22.02,0.0,0.0,2
2023-10-23 04:22:00,22.03,22.03,22.01,22.01,0.0,0.0,2
2023-10-23 04:23:00,21.98,21.98,21.97,21.97,0.0,0.0,2
2023-10-23 04:24:00,21.98,22.0,21.98,21.99,0.0,0.0,3
2023-10-23 04:25:00,22.0,22.0,21.99,21.99,0.0,0.0,2
2023-10-23 04:26:00,21.98,22.02,21.98,22.02,0.0,0.0,4
2023-10-23 04:27:00,22.01,22.01,22.01,22.01,0.0,0.0,1
2023-10-23 04:28:00,22.0,22.0,22.0,22.0,0.0,0.0,1
2023-10-23 04:29:00,21.99,22.0,21.99,22.0,0.0,0.0,2
2023-10-23 04:30:00,22.03,22.03,22.0,22.0,0.0,0.0,2
2023-10-23 04:31:00,22.02,22.1,22.02,22.1,0.0,0.0,3
2023-10-23 04:32:00,22.12,22.13,22.12,22.13,0.0,0.0,2
2023-10-23 04:33:00,22.1,22.1,22.07,22.09,0.0,0.0,4
2023-10-23 04:34:00,22.1,22.11,22.09,22.09,0.0,0.0,3
2023-10-23 04:35:00,22.07,22.07,22.01,22.01,0.0,0.0,4
2023-10-23 04:36:00,21.99,22.02,21.96,22.02,0.0,0.0,4
2023-10-23 04:37:00,22.08,22.12,22.08,22.12,0.0,0.0,3
2023-10-23 04:38:00,22.08,22.1,22.08,22.1,0.0,0.0,4
2023-10-23 04:39:00,22.08,22.08,22.04,22.04,0.0,0.0,3
2023-10-23 04:40:00,22.02,22.06,22.02,22.04,0.0,0.0,4
2023-10-23 04:41:00,22.05,22.05,22.05,22.05,0.0,0.0,1
2023-10-23 04:42:00,22.04,22.04,22.03,22.04,0.0,0.0,3
2023-10-23 04:43:00,22.05,22.06,22.04,22.04,0.0,0.0,3
2023-10-23 04:44:00,22.03,22.03,22.02,22.03,0.0,0.0,3
2023-10-23 04:45:00,22.05,22.06,22.02,22.02,0.0,0.0,4
2023-10-23 04:46:00,22.04,22.04,22.03,22.03,0.0,0.0,2
2023-10-23 04:47:00,22.02,22.02,21.98,21.98,0.0,0.0,3
2023-10-23 04:48:00,21.99,21.99,21.98,21.98,0.0,0.0,2
2023-10-23 04:49:00,22.01,22.01,21.99,22.0,0.0,0.0,3
2023-10-23 04:50:00,22.02,22.03,22.0,22.0,0.0,0.0,3
2023-10-23 04:51:00,22.03,22.03,22.03,22.03,0.0,0.0,1
2023-10-23 04:52:00,22.04,22.06,22.04,22.06,0.0,0.0,3
2023-10-23 04:53:00,22.09,22.1,22.08,22.08,0.0,0.0,3
2023-10-23 04:54:00,22.09,22.09,22.06,22.06,0.0,0.0,3
2023-10-23 04:55:00,22.08,22.08,22.05,22.05,0.0,0.0,3
2023-10-23 04:56:00,22.02,22.02,22.01,22.01,0.0,0.0,4
2023-10-23 04:57:00,22.02,22.02,22.02,22.02,0.0,0.0,1
2023-10-23 04:58:00,22.01,22.03,22.01,22.03,0.0,0.0,3
2023-10-23 04:59:00,22.08,22.11,22.08,22.1,0.0,0.0,4
2023-10-23 05:00:00,22.13,22.15,22.13,22.15,0.0,0.0,2
2023-10-23 05:01:00,22.14,22.17,22.13,22.17,0.0,0.0,4
2023-10-23 05:02:00,22.18,22.18,22.18,22.18,0.0,0.0,1
2023-10-23 05:03:00,22.19,22.19,22.19,22.19,0.0,0.0,1
2023-10-23 05:04:00,22.21,22.23,22.21,22.21,0.0,0.0,3
2023-10-23 05:05:00,22.2,22.25,22.2,22.25,0.0,0.0,4
2023-10-23 05:06:00,22.23,22.23,22.23,22.23,0.0,0.0,1
2023-10-23 05:07:00,22.24,22.25,22.24,22.25,0.0,0.0,2
2023-10-23 05:08:00,22.3,22.33,22.3,22.33,0.0,0.0,2
2023-10-23 05:09:00,22.35,22.37,22.35,22.37,0.0,0.0,2
2023-10-23 05:10:00,22.36,22.39,22.36,22.39,0.0,0.0,3
2023-10-23 05:11:00,22.4,22.4,22.38,22.38,0.0,0.0,4
2023-10-23 05:12:00,22.39,22.39,22.39,22.39,0.0,0.0,1
2023-10-23 05:13:00,22.43,22.46,22.43,22.46,0.0,0.0,2
2023-10-23 05:14:00,22.45,22.47,22.45,22.46,0.0,0.0,3
2023-10-23 05:15:00,22.45,22.46,22.45,22.46,0.0,0.0,2
2023-10-23 05:16:00,22.42,22.42,22.39,22.39,0.0,0.0,3
2023-10-23 05:17:00,22.4,22.4,22.37,22.37,0.0,0.0,3
2023-10-23 05:18:00,22.36,22.36,22.3,22.3,0.0,0.0,3
2023-10-23 05:19:00,22.31,22.32,22.31,22.32,0.0,0.0,2
2023-10-23 05:20:00,22.33,22.34,22.32,22.32,0.0,0.0,3
2023-10-23 05:21:00,22.33,22.33,22.33,22.33,0.0,0.0,1
2023-10-23 05:22:00,22.34,22.34,22.33,22.33,0.0,0.0,2
2023-10-23 05:23:00,22.34,22.37,22.34,22.36,0.0,0.0,3
2023-10-23 05:24:00,22.37,22.38,22.36,22.37,0.0,0.0,4
2023-10-23 05:25:00,22.38,22.4,22.38,22.4,0.0,0.0,3
2023-10-23 05:26:00,22.41,22.43,22.41,22.43,0.0,0.0,2
2023-10-23 05:27:00,22.44,22.47,22.44,22.47,0.0,0.0,3
2023-10-23 05:28:00,22.48,22.49,22.48,22.48,0.0,0.0,3
2023-10-23 05:29:00,22.51,22.53,22.51,22.53,0.0,0.0,2
2023-10-23 05:30:00,22.56,22.59,22.56,22.59,0.0,0.0,4
2023-10-23 05:31:00,22.62,22.71,22.62,22.71,0.0,0.0,4
2023-10-23 05:32:00,22.75,22.75,22.73,22.75,0.0,0.0,3
2023-10-23 05:33:00,22.78,22.85,22.78,22.85,0.0,0.0,4
2023-10-23 05:34:00,22.83,22.85,22.83,22.85,0.0,0.0,2
2023-10-23 05:35:00,22.84,22.85,22.84,22.85,0.0,0.0,2
2023-10-23 05:36:00,22.87,22.88,22.87,22.88,0.0,0.0,2
2023-10-23 05:37:00,22.9,22.92,22.9,22.92,0.0,0.0,3
2023-10-23 05:38:00,22.95,22.95,22.94,22.95,0.0,0.0,3
2023-10-23 05:39:00,23.02,23.03,23.02,23.03,0.0,0.0,2
2023-10-23 05:40:00,23.05,23.07,23.05,23.06,0.0,0.0,3
2023-10-23 05:41:00,23.02,23.05,23.02,23.05,0.0,0.0,2
2023-10-23 05:42:00,22.98,23.01,22.98,23.0,0.0,0.0,3
2023-10-23 05:43:00,23.01,23.01,23.0,23.0,0.0,0.0,2
2023-10-23 05:44:00,22.99,22.99,22.95,22.95,0.0,0.0,4
2023-10-23 05:45:00,22.97,23.0,22.97,22.99,0.0,0.0,3
2023-10-23 05:46:00,22.98,23.03,22.98,23.03,0.0,0.0,4
2023-10-23 05:47:00,23.05,23.08,23.04,23.06,0.0,0.0,4
2023-10-23 05:48:00,23.05,23.07,23.05,23.07,0.0,0.0,2
2023-10-23 05:49:00,23.08,23.08,23.04,23.04,0.0,0.0,4
2023-10-23 05:50:00,23.03,23.03,23.0,23.0,0.0,0.0,3
2023-10-23 05:51:00,22.97,23.03,22.97,23.03,0.0,0.0,4
2023-10-23 05:52:00,23.01,23.01,22.99,22.99,0.0,0.0,4
2023-10-23 05:53:00,22.97,22.97,22.97,22.97,0.0,0.0,1
2023-10-23 05:54:00,22.94,22.94,22.91,22.91,0.0,0.0,2
2023-10-23 05:55:00,22.9,22.9,22.9,22.9,0.0,0.0,1
2023-10-23 05:56:00,22.88,22.88,22.86,22.86,0.0,0.0,2
2023-10-23 05:57:00,22.89,22.91,22.89,22.91,0.0,0.0,2
2023-10-23 05:58:00,22.95,22.98,22.95,22.98,0.0,0.0,3
2023-10-23 05:59:00,22.97,22.97,22.96,22.96,0.0,0.0,2
2023-10-23 06:00:00,22.97,22.98,22.93,22.93,0.0,0.0,4
2023-10-23 06:01:00,22.94,22.98,22.94,22.98,0.0,0.0,2
2023-10-23 06:02:00,22.97,22.97,22.94,22.94,0.0,0.0,2
2023-10-23 06:03:00,22.93,22.93,22.91,22.91,0.0,0.0,3
2023-10-23 06:04:00,22.9,22.9,22.86,22.86,0.0,0.0,2
2023-10-23 06:05:00,22.82,22.82,22.79,22.81,0.0,0.0,4
2023-10-23 06:06:00,22.84,22.89,22.84,22.87,0.0,0.0,3
2023-10-23 06:07:00,22.85,22.85,22.83,22.83,0.0,0.0,3
2023-10-23 06:08:00,22.85,22.86,22.85,22.86,0.0,0.0,2
2023-10-23 06:09:00,22.87,22.87,22.82,22.82,0.0,0.0,4
2023-10-23 06:10:00,22.83,22.86,22.83,22.86,0.0,0.0,3
2023-10-23 06:11:00,22.85,22.85,22.82,22.82,0.0,0.0,3
2023-10-23 06:12:00,22.85,22.86,22.83,22.83,0.0,0.0,4
2023-10-23 06:13:00,22.82,22.83,22.82,22.82,0.0,0.0,3
2023-10-23 06:14:00,22.83,22.83,22.82,22.82,0.0,0.0,4
2023-10-23 06:15:00,22.88,22.89,22.87,22.87,0.0,0.0,3
2023-10-23 06:16:00,22.84,22.84,22.83,22.84,0.0,0.0,3
2023-10-23 06:17:00,22.83,22.83,22.81,22.82,0.0,0.0,3
2023-10-23 06:18:00,22.81,22.82,22.8,22.82,0.0,0.0,3
2023-10-23 06:19:00,22.85,22.88,22.85,22.88,0.0,0.0,2
2023-10-23 06:20:00,22.88,22.88,22.88,22.88,0.0,0.0,0
2023-10-23 06:21:00,22.89,22.89,22.89,22.89,0.0,0.0,1
2023-10-23 06:22:00,22.84,22.86,22.84,22.86,0.0,0.0,3
2023-10-23 06:23:00,22.85,22.87,22.85,22.87,0.0,0.0,3
2023-10-23 06:24:00,22.86,22.86,22.86,22.86,0.0,0.0,1
2023-10-23 06:25:00,22.87,22.87,22.83,22.83,0.0,0.0,3
2023-10-23 06:26:00,22.82,22.84,22.82,22.84,0.0,0.0,3
2023-10-23 06:27:00,22.83,22.83,22.83,22.83,0.0,0.0,1
2023-10-23 06:28:00,22.84,22.85,22.83,22.85,0.0,0.0,3
2023-10-23 06:29:00,22.86,22.86,22.86,22.86,0.0,0.0,1
2023-10-23 06:30:00,22.85,22.85,22.84,22.84,0.0,0.0,2
2023-10-23 06:31:00,22.85,22.86,22.85,22.85,0.0,0.0,3
2023-10-23 06:32:00,22.84,22.84,22.84,22.84,0.0,0.0,1
2023-10-23 06:33:00,22.83,22.83,22.82,22.82,0.0,0.0,2
2023-10-23 06:34:00,22.83,22.84,22.83,22.83,0.0,0.0,3
2023-10-23 06:35:00,22.84,22.84,22.83,22.83,0.0,0.0,2
2023-10-23 06:36:00,22.84,22.84,22.82,22.83,0.0,0.0,4
2023-10-23 06:37:00,22.79,22.8,22.78,22.8,0.0,0.0,3
2023-10-23 06:38:00,22.79,22.8,22.78,22.79,0.0,0.0,4
2023-10-23 06:39:00,22.77,22.77,22.75,22.75,0.0,0.0,2
2023-10-23 06:40:00,22.78,22.78,22.75,22.75,0.0,0.0,3
2023-10-23 06:41:00,22.74,22.74,22.71,22.71,0.0,0.0,2
2023-10-23 06:42:00,22.7,22.7,22.7,22.7,0.0,0.0,1
2023-10-23 06:43:00,22.69,22.7,22.69,22.7,0.0,0.0,2
2023-10-23 06:44:00,22.69,22.7,22.69,22.7,0.0,0.0,2
2023-10-23 06:45:00,22.69,22.69,22.67,22.67,0.0,0.0,2
2023-10-23 06:46:00,22.66,22.66,22.65,22.66,0.0,0.0,3
2023-10-23 06:47:00,22.65,22.66,22.65,22.66,0.0,0.0,2
2023-10-23 06:48:00,22.63,22.63,22.63,22.63,0.0,0.0,1
2023-10-23 06:49:00,22.64,22.64,22.64,22.64,0.0,0.0,1
2023-10-23 06:50:00,22.62,22.62,22.62,22.62,0.0,0.0,1
2023-10-23 06:51:00,22.63,22.63,22.62,22.62,0.0,0.0,2
2023-10-23 06:52:00,22.61,22.63,22.61,22.63,0.0,0.0,3
2023-10-23 06:53:00,22.63,22.63,22.63,22.63,0.0,0.0,0
2023-10-23 06:54:00,22.62,22.63,22.62,22.63,0.0,0.0,2
2023-10-23 06:55:00,22.66,22.66,22.65,22.65,0.0,0.0,2
2023-10-23 06:56:00,22.66,22.66,22.65,22.65,0.0,0.0,2
2023-10-23 06:57:00,22.64,22.65,22.64,22.64,0.0,0.0,3
2023-10-23 06:58:00,22.63,22.63,22.62,22.62,0.0,0.0,2
2023-10-23 06:59:00,22.61,22.63,22.61,22.62,0.0,0.0,3
2023-10-23 07:00:00,22.61,22.61,22.58,22.58,0.0,0.0,4
2023-10-23 07:01:00,22.6,22.6,22.58,22.58,0.0,0.0,2
2023-10-23 07:02:00,22.61,22.61,22.6,22.6,0.0,0.0,2
2023-10-23 07:03:00,22.61,22.62,22.6,22.62,0.0,0.0,3
2023-10-23 07:04:00,22.63,22.63,22.62,22.62,0.0,0.0,2
2023-10-23 07:05:00,22.61,22.61,22.58,22.58,0.0,0.0,3
2023-10-23 07:06:00,22.57,22.58,22.57,22.58,0.0,0.0,2
2023-10-23 07:07:00,22.59,22.6,22.59,22.6,0.0,0.0,2
2023-10-23 07:08:00,22.61,22.62,22.61,22.62,0.0,0.0,2
2023-10-23 07:09:00,22.63,22.63,22.62,22.62,0.0,0.0,2
2023-10-23 07:10:00,22.63,22.63,22.61,22.61,0.0,0.0,3
2023-10-23 07:11:00,22.6,22.6,22.59,22.6,0.0,0.0,3
2023-10-23 07:12:00,22.59,22.6,22.57,22.57,0.0,0.0,4
2023-10-23 07:13:00,22.56,22.56,22.56,22.56,0.0,0.0,1
2023-10-23 07:14:00,22.59,22.59,22.57,22.57,0.0,0.0,4
2023-10-23 07:15:00,22.58,22.58,22.57,22.57,0.0,0.0,2
2023-10-23 07:16:00,22.56,22.56,22.55,22.55,0.0,0.0,2
2023-10-23 07:17:00,22.53,22.54,22.53,22.53,0.0,0.0,3
2023-10-23 07:18:00,22.54,22.54,22.49,22.49,0.0,0.0,4
2023-10-23 07:19:00,22.48,22.49,22.48,22.49,0.0,0.0,2
2023-10-23 07:20:00,22.49,22.49,22.49,22.49,0.0,0.0,0
2023-10-23 07:21:00,22.49,22.49,22.49,22.49,0.0,0.0,0
2023-10-23 07:22:00,22.5,22.5,22.5,22.5,0.0,0.0,1
2023-10-23 07:23:00,22.51,22.51,22.51,22.51,0.0,0.0,1
2023-10-23 07:24:00,22.52,22.53,22.52,22.53,0.0,0.0,2
2023-10-23 07:25:00,22.54,22.55,22.54,22.55,0.0,0.0,2
2023-10-23 07:26:00,22.54,22.54,22.5,22.5,0.0,0.0,4
2023-10-23 07:27:00,22.51,22.51,22.49,22.49,0.0,0.0,2
2023-10-23 07:28:00,22.47,22.48,22.47,22.48,0.0,0.0,2
2023-10-23 07:29:00,22.49,22.52,22.48,22.51,0.0,0.0,4
2023-10-23 07:30:00,22.49,22.52,22.47,22.52,0.0,0.0,4
2023-10-23 07:31:00,22.51,22.51,22.47,22.47,0.0,0.0,4
2023-10-23 07:32:00,22.48,22.48,22.48,22.48,0.0,0.0,1
2023-10-23 07:33:00,22.47,22.47,22.47,22.47,0.0,0.0,1
2023-10-23 07:34:00,22.46,22.46,22.45,22.45,0.0,0.0,2
2023-10-23 07:35:00,22.46,22.47,22.46,22.47,0.0,0.0,2
2023-10-23 07:36:00,22.48,22.48,22.45,22.45,0.0,0.0,4
2023-10-23 07:37:00,22.46,22.46,22.43,22.43,0.0,0.0,2
2023-10-23 07:38:00,22.42,22.42,22.31,22.31,0.0,0.0,4
2023-10-23 07:39:00,22.29,22.29,22.24,22.24,0.0,0.0,3
2023-10-23 07:40:00,22.25,22.26,22.25,22.26,0.0,0.0,2
2023-10-23 07:41:00,22.25,22.26,22.24,22.26,0.0,0.0,3
2023-10-23 07:42:00,22.25,22.26,22.21,22.21,0.0,0.0,4
2023-10-23 07:43:00,22.2,22.21,22.19,22.19,0.0,0.0,3
2023-10-23 07:44:00,22.17,22.17,22.17,22.17,0.0,0.0,1
2023-10-23 07:45:00,22.16,22.18,22.16,22.17,0.0,0.0,4
2023-10-23 07:46:00,22.16,22.16,22.16,22.16,0.0,0.0,1
2023-10-23 07:47:00,22.18,22.18,22.17,22.18,0.0,0.0,3
2023-10-23 07:48:00,22.19,22.19,22.17,22.18,0.0,0.0,3
2023-10-23 07:49:00,22.19,22.19,22.18,22.19,0.0,0.0,3
2023-10-23 07:50:00,22.2,22.2,22.19,22.19,0.0,0.0,2
2023-10-23 07:51:00,22.18,22.2,22.18,22.2,0.0,0.0,2
2023-10-23 07:52:00,22.21,22.21,22.2,22.21,0.0,0.0,3
2023-10-23 07:53:00,22.2,22.2,22.2,22.2,0.0,0.0,1
2023-10-23 07:54:00,22.22,22.22,22.21,22.21,0.0,0.0,2
2023-10-23 07:55:00,22.22,22.24,22.22,22.24,0.0,0.0,2
2023-10-23 07:56:00,22.23,22.23,22.21,22.21,0.0,0.0,3
2023-10-23 07:57:00,22.25,22.29,22.25,22.29,0.0,0.0,4
2023-10-23 07:58:00,22.32,22.36,22.32,22.36,0.0,0.0,4
2023-10-23 07:59:00,22.34,22.34,22.32,22.33,0.0,0.0,3
2023-10-23 08:00:00,22.34,22.34,22.32,22.32,0.0,0.0,2
2023-10-23 08:01:00,22.33,22.33,22.31,22.31,0.0,0.0,3
2023-10-23 08:02:00,22.3,22.36,22.3,22.36,0.0,0.0,4
2023-10-23 08:03:00,22.35,22.42,22.35,22.42,0.0,0.0,4
2023-10-23 08:04:00,22.44,22.44,22.39,22.4,0.0,0.0,4
2023-10-23 08:05:00,22.39,22.39,22.38,22.38,0.0,0.0,2
2023-10-23 08:06:00,22.36,22.41,22.36,22.41,0.0,0.0,4
2023-10-23 08:07:00,22.4,22.45,22.4,22.45,0.0,0.0,3
2023-10-23 08:08:00,22.43,22.43,22.4,22.4,0.0,0.0,3
2023-10-23 08:09:00,22.39,22.45,22.39,22.45,0.0,0.0,2
2023-10-23 08:10:00,22.46,22.46,22.39,22.39,0.0,0.0,4
2023-10-23 08:11:00,22.38,22.38,22.37,22.38,0.0,0.0,3
2023-10-23 08:12:00,22.4,22.41,22.4,22.41,0.0,0.0,2
2023-10-23 08:13:00,22.4,22.4,22.4,22.4,0.0,0.0,1
2023-10-23 08:14:00,22.37,22.37,22.37,22.37,0.0,0.0,1
2023-10-23 08:15:00,22.41,22.42,22.38,22.38,0.0,0.0,3
2023-10-23 08:16:00,22.37,22.37,22.31,22.31,0.0,0.0,3
2023-10-23 08:17:00,22.3,22.3,22.25,22.25,0.0,0.0,3
2023-10-23 08:18:00,22.24,22.24,22.21,22.21,0.0,0.0,3
2023-10-23 08:19:00,22.23,22.24,22.23,22.24,0.0,0.0,2
2023-10-23 08:20:00,22.23,22.23,22.19,22.19,0.0,0.0,3
2023-10-23 08:21:00,22.16,22.18,22.16,22.18,0.0,0.0,2
2023-10-23 08:22:00,22.19,22.19,22.16,22.16,0.0,0.0,2
2023-10-23 08:23:00,22.17,22.17,22.17,22.17,0.0,0.0,1
2023-10-23 08:24:00,22.18,22.18,22.17,22.18,0.0,0.0,3
2023-10-23 08:25:00,22.17,22.17,22.16,22.16,0.0,0.0,2
2023-10-23 08:26:00,22.15,22.15,22.14,22.14,0.0,0.0,2
2023-10-23 08:27:00,22.1,22.16,22.1,22.12,0.0,0.0,4
2023-10-23 08:28:00,22.06,22.11,22.06,22.11,0.0,0.0,2
2023-10-23 08:29:00,22.12,22.15,22.12,22.15,0.0,0.0,3
2023-10-23 08:30:00,22.18,22.22,22.18,22.21,0.0,0.0,4
2023-10-23 08:31:00,22.17,22.17,22.12,22.12,0.0,0.0,3
2023-10-23 08:32:00,22.13,22.13,22.11,22.11,0.0,0.0,3
2023-10-23 08:33:00,22.14,22.14,22.14,22.14,0.0,0.0,1
2023-10-23 08:34:00,22.15,22.15,22.13,22.13,0.0,0.0,2
2023-10-23 08:35:00,22.14,22.14,22.13,22.13,0.0,0.0,2
2023-10-23 08:36:00,22.11,22.11,22.08,22.08,0.0,0.0,2
2023-10-23 08:37:00,22.06,22.08,22.05,22.05,0.0,0.0,4
2023-10-23 08:38:00,22.07,22.1,22.07,22.09,0.0,0.0,3
2023-10-23 08:39:00,22.1,22.1,22.07,22.07,0.0,0.0,3
2023-10-23 08:40:00,22.06,22.07,22.06,22.07,0.0,0.0,2
2023-10-23 08:41:00,22.06,22.06,22.04,22.05,0.0,0.0,3
2023-10-23 08:42:00,22.04,22.05,22.04,22.05,0.0,0.0,2
2023-10-23 08:43:00,22.04,22.04,22.04,22.04,0.0,0.0,1
2023-10-23 08:44:00,22.07,22.07,22.06,22.07,0.0,0.0,3
2023-10-23 08:45:00,22.05,22.08,22.05,22.06,0.0,0.0,3
2023-10-23 08:46:00,22.08,22.12,22.08,22.1,0.0,0.0,4
2023-10-23 08:47:00,22.12,22.12,22.1,22.11,0.0,0.0,4
2023-10-23 08:48:00,22.13,22.13,22.12,22.13,0.0,0.0,3
2023-10-23 08:49:00,22.14,22.16,22.13,22.13,0.0,0.0,4
2023-10-23 08:50:00,22.14,22.17,22.14,22.16,0.0,0.0,4
2023-10-23 08:51:00,22.14,22.14,22.12,22.12,0.0,0.0,3
2023-10-23 08:52:00,22.11,22.12,22.11,22.12,0.0,0.0,2
2023-10-23 08:53:00,22.11,22.11,22.09,22.1,0.0,0.0,3
2023-10-23 08:54:00,22.11,22.12,22.11,22.11,0.0,0.0,3
2023-10-23 08:55:00,22.14,22.15,22.13,22.15,0.0,0.0,3
2023-10-23 08:56:00,22.11,22.12,22.09,22.12,0.0,0.0,4
2023-10-23 08:57:00,22.12,22.12,22.12,22.12,0.0,0.0,0
2023-10-23 08:58:00,22.13,22.14,22.13,22.13,0.0,0.0,3
2023-10-23 08:59:00,22.14,22.14,22.13,22.13,0.0,0.0,2
2023-10-23 09:00:00,22.1,22.1,22.08,22.08,0.0,0.0,3
2023-10-23 09:01:00,22.07,22.07,22.06,22.07,0.0,0.0,3
2023-10-23 09:02:00,22.06,22.07,22.06,22.06,0.0,0.0,3
2023-10-23 09:03:00,22.05,22.07,22.05,22.07,0.0,0.0,3
2023-10-23 09:04:00,22.06,22.08,22.0,22.0,0.0,0.0,4
2023-10-23 09:05:00,21.98,21.98,21.93,21.93,0.0,0.0,4
2023-10-23 09:06:00,21.93,21.93,21.93,21.93,0.0,0.0,0
2023-10-23 09:07:00,21.94,21.98,21.94,21.98,0.0,0.0,3
2023-10-23 09:08:00,21.96,21.98,21.96,21.98,0.0,0.0,3
2023-10-23 09:09:00,21.99,22.0,21.98,21.98,0.0,0.0,4
2023-10-23 09:10:00,22.0,22.0,21.99,21.99,0.0,0.0,2
2023-10-23 09:11:00,22.01,22.01,21.98,21.98,0.0,0.0,2
2023-10-23 09:12:00,22.0,22.01,22.0,22.01,0.0,0.0,2
2023-10-23 09:13:00,22.02,22.03,22.02,22.03,0.0,0.0,2
2023-10-23 09:14:00,22.04,22.05,22.04,22.05,0.0,0.0,2
2023-10-23 09:30:00,22.05,22.05,22.05,22.05,0.0,0.0,0
2023-10-23 09:31:00,21.88,21.98,21.86,21.98,0.0,0.0,4
2023-10-23 09:32:00,22.01,22.01,21.95,21.98,0.0,0.0,4
2023-10-23 09:33:00,21.99,22.02,21.99,22.02,0.0,0.0,4
2023-10-23 09:34:00,21.99,22.06,21.99,22.06,0.0,0.0,3
2023-10-23 09:35:00,22.05,22.14,22.05,22.14,0.0,0.0,4
2023-10-23 09:36:00,22.16,22.21,22.16,22.21,0.0,0.0,3
2023-10-23 09:37:00,22.26,22.26,22.2,22.2,0.0,0.0,4
2023-10-23 09:38:00,22.21,22.21,22.21,22.21,0.0,0.0,1
2023-10-23 09:39:00,22.22,22.24,22.22,22.24,0.0,0.0,2
2023-10-23 09:40:00,22.23,22.3,22.23,22.27,0.0,0.0,4
2023-10-23 09:41:00,22.26,22.35,22.26,22.35,0.0,0.0,3
2023-10-23 09:42:00,22.36,22.38,22.34,22.38,0.0,0.0,3
2023-10-23 09:43:00,22.39,22.47,22.39,22.46,0.0,0.0,3
2023-10-23 09:44:00,22.47,22.47,22.43,22.44,0.0,0.0,4
2023-10-23 09:45:00,22.43,22.43,22.26,22.26,0.0,0.0,4
2023-10-23 09:46:00,22.22,22.24,22.22,22.22,0.0,0.0,3
2023-10-23 09:47:00,22.24,22.26,22.21,22.21,0.0,0.0,4
2023-10-23 09:48:00,22.2,22.2,22.01,22.01,0.0,0.0,4
2023-10-23 09:49:00,21.96,21.96,21.69,21.69,0.0,0.0,4
2023-10-23 09:50:00,21.68,21.68,21.65,21.68,0.0,0.0,4
2023-10-23 09:51:00,21.67,21.75,21.67,21.74,0.0,0.0,4
2023-10-23 09:52:00,21.75,21.75,21.66,21.67,0.0,0.0,4
2023-10-23 09:53:00,21.64,21.64,21.59,21.59,0.0,0.0,4
2023-10-23 09:54:00,21.6,21.62,21.59,21.62,0.0,0.0,3
2023-10-23 09:55:00,21.6,21.64,21.59,21.59,0.0,0.0,4
2023-10-23 09:56:00,21.5,21.51,21.48,21.51,0.0,0.0,4
2023-10-23 09:57:00,21.5,21.5,21.39,21.42,0.0,0.0,4
2023-10-23 09:58:00,21.43,21.48,21.4,21.48,0.0,0.0,4
2023-10-23 09:59:00,21.44,21.44,21.39,21.39,0.0,0.0,3
2023-10-23 10:00:00,21.36,21.38,21.36,21.37,0.0,0.0,3
2023-10-23 10:01:00,21.34,21.34,21.31,21.33,0.0,0.0,3
2023-10-23 10:02:00,21.34,21.4,21.34,21.39,0.0,0.0,4
2023-10-23 10:03:00,21.4,21.42,21.4,21.41,0.0,0.0,4
2023-10-23 10:04:00,21.36,21.36,21.34,21.34,0.0,0.0,2
2023-10-23 10:05:00,21.35,21.36,21.32,21.32,0.0,0.0,3
2023-10-23 10:06:00,21.31,21.4,21.31,21.4,0.0,0.0,4
2023-10-23 10:07:00,21.39,21.39,21.34,21.34,0.0,0.0,3
2023-10-23 10:08:00,21.35,21.35,21.33,21.33,0.0,0.0,2
2023-10-23 10:09:00,21.39,21.4,21.38,21.39,0.0,0.0,4
2023-10-23 10:10:00,21.35,21.35,21.33,21.33,0.0,0.0,2
2023-10-23 10:11:00,21.28,21.31,21.27,21.3,0.0,0.0,4
2023-10-23 10:12:00,21.33,21.33,21.28,21.28,0.0,0.0,3
2023-10-23 10:13:00,21.24,21.26,21.24,21.24,0.0,0.0,3
2023-10-23 10:14:00,21.21,21.21,21.18,21.18,0.0,0.0,4
2023-10-23 10:15:00,21.2,21.21,21.2,21.21,0.0,0.0,2
2023-10-23 10:16:00,21.24,21.28,21.23,21.28,0.0,0.0,4
2023-10-23 10:17:00,21.31,21.31,21.24,21.24,0.0,0.0,4
2023-10-23 10:18:00,21.21,21.21,21.17,21.17,0.0,0.0,3
2023-10-23 10:19:00,21.13,21.13,21.06,21.06,0.0,0.0,4
2023-10-23 10:20:00,21.07,21.07,21.05,21.05,0.0,0.0,2
2023-10-23 10:21:00,21.06,21.06,21.05,21.06,0.0,0.0,3
2023-10-23 10:22:00,21.08,21.09,21.07,21.07,0.0,0.0,3
2023-10-23 10:23:00,21.06,21.06,21.02,21.02,0.0,0.0,3
2023-10-23 10:24:00,20.97,20.97,20.95,20.95,0.0,0.0,2
2023-10-23 10:25:00,20.96,20.96,20.96,20.96,0.0,0.0,1
2023-10-23 10:26:00,20.92,20.95,20.92,20.95,0.0,0.0,3
2023-10-23 10:27:00,20.97,21.03,20.97,21.03,0.0,0.0,4
2023-10-23 10:28:00,21.02,21.04,21.02,21.03,0.0,0.0,4
2023-10-23 10:29:00,21.06,21.12,21.06,21.12,0.0,0.0,3
2023-10-23 10:30:00,21.16,21.19,21.1,21.19,0.0,0.0,4
2023-10-23 10:31:00,21.17,21.17,21.16,21.16,0.0,0.0,2
2023-10-23 10:32:00,21.14,21.21,21.14,21.19,0.0,0.0,4
2023-10-23 10:33:00,21.23,21.36,21.21,21.36,0.0,0.0,4
2023-10-23 10:34:00,21.31,21.34,21.3,21.3,0.0,0.0,4
2023-10-23 10:35:00,21.31,21.36,21.31,21.36,0.0,0.0,3
2023-10-23 10:36:00,21.34,21.34,21.32,21.32,0.0,0.0,2
2023-10-23 10:37:00,21.3,21.3,21.24,21.28,0.0,0.0,4
2023-10-23 10:38:00,21.25,21.25,21.11,21.11,0.0,0.0,4
2023-10-23 10:39:00,21.13,21.13,21.09,21.09,0.0,0.0,2
2023-10-23 10:40:00,21.11,21.15,21.1,21.1,0.0,0.0,3
2023-10-23 10:41:00,21.11,21.11,21.08,21.08,0.0,0.0,3
2023-10-23 10:42:00,21.06,21.06,21.03,21.03,0.0,0.0,3
2023-10-23 10:43:00,20.99,20.99,20.94,20.96,0.0,0.0,4
2023-10-23 10:44:00,20.94,20.95,20.91,20.91,0.0,0.0,4
2023-10-23 10:45:00,20.92,20.97,20.92,20.95,0.0,0.0,4
2023-10-23 10:46:00,20.96,20.96,20.94,20.94,0.0,0.0,4
2023-10-23 10:47:00,20.97,20.97,20.96,20.97,0.0,0.0,3
2023-10-23 10:48:00,20.98,20.98,20.96,20.97,0.0,0.0,3
2023-10-23 10:49:00,20.95,20.95,20.94,20.94,0.0,0.0,2
2023-10-23 10:50:00,20.95,20.95,20.92,20.94,0.0,0.0,3
2023-10-23 10:51:00,20.9,20.91,20.89,20.89,0.0,0.0,3
2023-10-23 10:52:00,20.86,20.88,20.86,20.87,0.0,0.0,3
2023-10-23 10:53:00,20.91,20.93,20.9,20.9,0.0,0.0,3
2023-10-23 10:54:00,20.94,20.96,20.94,20.96,0.0,0.0,3
2023-10-23 10:55:00,20.98,21.0,20.95,20.95,0.0,0.0,4
2023-10-23 10:56:00,20.94,20.96,20.94,20.94,0.0,0.0,4
2023-10-23 10:57:00,20.95,20.97,20.94,20.94,0.0,0.0,4
2023-10-23 10:58:00,20.92,20.92,20.88,20.89,0.0,0.0,3
2023-10-23 10:59:00,20.88,20.88,20.87,20.87,0.0,0.0,2
2023-10-23 11:00:00,20.84,20.86,20.82,20.86,0.0,0.0,3
2023-10-23 11:01:00,20.85,20.85,20.81,20.82,0.0,0.0,4
2023-10-23 11:02:00,20.79,20.8,20.79,20.79,0.0,0.0,3
2023-10-23 11:03:00,20.81,20.81,20.78,20.79,0.0,0.0,4
2023-10-23 11:04:00,20.8,20.84,20.79,20.84,0.0,0.0,4
2023-10-23 11:05:00,20.79,20.79,20.74,20.74,0.0,0.0,3
2023-10-23 11:06:00,20.76,20.76,20.71,20.71,0.0,0.0,3
2023-10-23 11:07:00,20.7,20.71,20.68,20.68,0.0,0.0,4
2023-10-23 11:08:00,20.67,20.67,20.62,20.62,0.0,0.0,3
2023-10-23 11:09:00,20.7,20.75,20.7,20.71,0.0,0.0,4
2023-10-23 11:10:00,20.68,20.68,20.66,20.66,0.0,0.0,4
2023-10-23 11:11:00,20.64,20.65,20.62,20.62,0.0,0.0,3
2023-10-23 11:12:00,20.6,20.6,20.57,20.57,0.0,0.0,4
2023-10-23 11:13:00,20.56,20.56,20.54,20.54,0.0,0.0,2
2023-10-23 11:14:00,20.52,20.52,20.5,20.5,0.0,0.0,2
2023-10-23 11:15:00,20.49,20.49,20.45,20.45,0.0,0.0,4
2023-10-23 11:16:00,20.44,20.46,20.44,20.44,0.0,0.0,3
2023-10-23 11:17:00,20.48,20.48,20.48,20.48,0.0,0.0,1
2023-10-23 11:18:00,20.47,20.47,20.44,20.44,0.0,0.0,4
2023-10-23 11:19:00,20.43,20.46,20.43,20.46,0.0,0.0,4
2023-10-23 11:20:00,20.45,20.45,20.41,20.41,0.0,0.0,4
2023-10-23 11:21:00,20.39,20.39,20.37,20.38,0.0,0.0,4
2023-10-23 11:22:00,20.37,20.37,20.27,20.29,0.0,0.0,4
2023-10-23 11:23:00,20.3,20.31,20.29,20.31,0.0,0.0,4
2023-10-23 11:24:00,20.3,20.31,20.29,20.29,0.0,0.0,4
2023-10-23 11:25:00,20.19,20.19,20.15,20.15,0.0,0.0,3
2023-10-23 11:26:00,20.16,20.18,20.16,20.17,0.0,0.0,3
2023-10-23 11:27:00,20.22,20.25,20.22,20.23,0.0,0.0,4
2023-10-23 11:28:00,20.21,20.22,20.2,20.22,0.0,0.0,4
2023-10-23 11:29:00,20.18,20.2,20.18,20.2,0.0,0.0,4
2023-10-23 11:30:00,20.18,20.19,20.16,20.16,0.0,0.0,4
2023-10-23 11:31:00,20.17,20.2,20.17,20.18,0.0,0.0,4
2023-10-23 11:32:00,20.2,20.2,20.15,20.15,0.0,0.0,4
2023-10-23 11:33:00,20.18,20.19,20.18,20.18,0.0,0.0,3
2023-10-23 11:34:00,20.16,20.17,20.15,20.16,0.0,0.0,4
2023-10-23 11:35:00,20.15,20.19,20.15,20.17,0.0,0.0,4
2023-10-23 11:36:00,20.14,20.14,20.09,20.1,0.0,0.0,4
2023-10-23 11:37:00,20.09,20.09,20.03,20.03,0.0,0.0,4
2023-10-23 11:38:00,20.02,20.03,20.02,20.03,0.0,0.0,2
2023-10-23 11:39:00,20.01,20.01,20.01,20.01,0.0,0.0,1
2023-10-23 11:40:00,20.04,20.04,20.04,20.04,0.0,0.0,1
2023-10-23 11:41:00,20.07,20.09,20.07,20.09,0.0,0.0,2
2023-10-23 11:42:00,20.07,20.07,20.06,20.07,0.0,0.0,3
2023-10-23 11:43:00,20.09,20.09,20.09,20.09,0.0,0.0,1
2023-10-23 11:44:00,20.12,20.12,20.1,20.11,0.0,0.0,4
2023-10-23 11:45:00,20.14,20.18,20.14,20.16,0.0,0.0,4
2023-10-23 11:46:00,20.14,20.18,20.14,20.18,0.0,0.0,3
2023-10-23 11:47:00,20.17,20.23,20.17,20.23,0.0,0.0,3
2023-10-23 11:48:00,20.2,20.2,20.16,20.16,0.0,0.0,3
2023-10-23 11:49:00,20.17,20.17,20.14,20.14,0.0,0.0,3
2023-10-23 11:50:00,20.15,20.15,20.14,20.14,0.0,0.0,2
2023-10-23 11:51:00,20.13,20.13,20.09,20.1,0.0,0.0,3
2023-10-23 11:52:00,20.09,20.1,20.07,20.1,0.0,0.0,3
2023-10-23 11:53:00,20.08,20.08,20.07,20.07,0.0,0.0,2
2023-10-23 11:54:00,20.06,20.12,20.06,20.1,0.0,0.0,4
2023-10-23 11:55:00,20.11,20.12,20.1,20.12,0.0,0.0,3
2023-10-23 11:56:00,20.09,20.09,20.03,20.03,0.0,0.0,4
2023-10-23 11:57:00,20.04,20.04,20.04,20.04,0.0,0.0,1
2023-10-23 11:58:00,20.02,20.02,20.02,20.02,0.0,0.0,1
2023-10-23 11:59:00,20.0,20.0,19.95,19.95,0.0,0.0,4
2023-10-23 12:00:00,19.96,19.99,19.95,19.96,0.0,0.0,4
2023-10-23 12:01:00,19.95,19.95,19.95,19.95,0.0,0.0,1
2023-10-23 12:02:00,19.96,19.96,19.94,19.95,0.0,0.0,3
2023-10-23 12:03:00,19.97,20.0,19.97,20.0,0.0,0.0,4
2023-10-23 12:04:00,20.01,20.02,20.0,20.01,0.0,0.0,4
2023-10-23 12:05:00,20.02,20.02,19.99,19.99,0.0,0.0,3
2023-10-23 12:06:00,20.01,20.01,19.94,19.94,0.0,0.0,4
2023-10-23 12:07:00,19.93,19.93,19.92,19.92,0.0,0.0,2
2023-10-23 12:08:00,19.93,19.93,19.91,19.91,0.0,0.0,4
2023-10-23 12:09:00,19.9,19.9,19.9,19.9,0.0,0.0,1
2023-10-23 12:10:00,19.89,19.89,19.89,19.89,0.0,0.0,1
2023-10-23 12:11:00,19.9,19.96,19.9,19.96,0.0,0.0,3
2023-10-23 12:12:00,19.95,19.95,19.91,19.91,0.0,0.0,3
2023-10-23 12:13:00,19.93,19.97,19.93,19.97,0.0,0.0,4
2023-10-23 12:14:00,19.94,19.94,19.93,19.93,0.0,0.0,2
2023-10-23 12:15:00,19.94,19.96,19.93,19.93,0.0,0.0,4
2023-10-23 12:16:00,19.92,19.94,19.91,19.94,0.0,0.0,4
2023-10-23 12:17:00,19.97,19.97,19.97,19.97,0.0,0.0,1
2023-10-23 12:18:00,19.96,19.96,19.96,19.96,0.0,0.0,1
2023-10-23 12:19:00,19.98,20.04,19.98,20.04,0.0,0.0,4
2023-10-23 12:20:00,20.08,20.16,20.08,20.11,0.0,0.0,4
2023-10-23 12:21:00,20.13,20.13,20.11,20.12,0.0,0.0,3
2023-10-23 12:22:00,20.13,20.13,20.01,20.01,0.0,0.0,4
2023-10-23 12:23:00,20.0,20.0,19.96,19.96,0.0,0.0,4
2023-10-23 12:24:00,19.95,19.98,19.94,19.94,0.0,0.0,4
2023-10-23 12:25:00,19.93,19.94,19.93,19.94,0.0,0.0,4
2023-10-23 12:26:00,19.93,19.93,19.92,19.92,0.0,0.0,2
2023-10-23 12:27:00,19.94,19.94,19.92,19.92,0.0,0.0,3
2023-10-23 12:28:00,19.91,19.91,19.9,19.9,0.0,0.0,2
2023-10-23 12:29:00,19.88,19.88,19.86,19.86,0.0,0.0,2
2023-10-23 12:30:00,19.88,19.88,19.86,19.88,0.0,0.0,3
2023-10-23 12:31:00,19.88,19.88,19.88,19.88,0.0,0.0,0
2023-10-23 12:32:00,19.89,19.9,19.89,19.9,0.0,0.0,2
2023-10-23 12:33:00,19.92,19.92,19.86,19.86,0.0,0.0,3
2023-10-23 12:34:00,19.85,19.96,19.85,19.96,0.0,0.0,4
2023-10-23 12:35:00,19.93,19.94,19.92,19.93,0.0,0.0,4
2023-10-23 12:36:00,19.92,19.92,19.9,19.9,0.0,0.0,3
2023-10-23 12:37:00,19.89,19.9,19.88,19.88,0.0,0.0,4
2023-10-23 12:38:00,19.87,19.88,19.87,19.88,0.0,0.0,2
2023-10-23 12:39:00,19.84,19.85,19.84,19.84,0.0,0.0,3
2023-10-23 12:40:00,19.85,19.86,19.85,19.86,0.0,0.0,2
2023-10-23 12:41:00,19.88,19.88,19.85,19.85,0.0,0.0,3
2023-10-23 12:42:00,19.88,19.88,19.85,19.86,0.0,0.0,3
2023-10-23 12:43:00,19.87,19.87,19.87,19.87,0.0,0.0,1
2023-10-23 12:44:00,19.88,19.89,19.88,19.89,0.0,0.0,2
2023-10-23 12:45:00,19.88,19.88,19.87,19.87,0.0,0.0,2
2023-10-23 12:46:00,19.86,19.86,19.84,19.84,0.0,0.0,3
2023-10-23 12:47:00,19.83,19.83,19.82,19.82,0.0,0.0,2
2023-10-23 12:48:00,19.81,19.81,19.78,19.78,0.0,0.0,2
2023-10-23 12:49:00,19.79,19.8,19.79,19.8,0.0,0.0,2
2023-10-23 12:50:00,19.79,19.79,19.77,19.77,0.0,0.0,3
2023-10-23 12:51:00,19.78,19.78,19.75,19.75,0.0,0.0,3
2023-10-23 12:52:00,19.76,19.76,19.75,19.75,0.0,0.0,2
2023-10-23 12:53:00,19.76,19.77,19.75,19.75,0.0,0.0,3
2023-10-23 12:54:00,19.76,19.76,19.75,19.75,0.0,0.0,2
2023-10-23 12:55:00,19.73,19.73,19.63,19.63,0.0,0.0,3
2023-10-23 12:56:00,19.65,19.68,19.65,19.65,0.0,0.0,4
2023-10-23 12:57:00,19.62,19.62,19.57,19.57,0.0,0.0,3
2023-10-23 12:58:00,19.56,19.56,19.54,19.54,0.0,0.0,3
2023-10-23 12:59:00,19.56,19.56,19.51,19.51,0.0,0.0,4
2023-10-23 13:00:00,19.48,19.54,19.48,19.51,0.0,0.0,4
2023-10-23 13:01:00,19.49,19.52,19.49,19.51,0.0,0.0,4
2023-10-23 13:02:00,19.52,19.55,19.52,19.55,0.0,0.0,3
2023-10-23 13:03:00,19.56,19.61,19.56,19.61,0.0,0.0,2
2023-10-23 13:04:00,19.63,19.66,19.63,19.63,0.0,0.0,3
2023-10-23 13:05:00,19.62,19.62,19.57,19.57,0.0,0.0,3
2023-10-23 13:06:00,19.54,19.57,19.54,19.57,0.0,0.0,3
2023-10-23 13:07:00,19.58,19.59,19.58,19.59,0.0,0.0,2
2023-10-23 13:08:00,19.58,19.58,19.56,19.57,0.0,0.0,3
2023-10-23 13:09:00,19.59,19.6,19.59,19.6,0.0,0.0,2
2023-10-23 13:10:00,19.61,19.64,19.61,19.64,0.0,0.0,4
2023-10-23 13:11:00,19.7,19.74,19.7,19.73,0.0,0.0,3
2023-10-23 13:12:00,19.72,19.72,19.69,19.7,0.0,0.0,3
2023-10-23 13:13:00,19.71,19.71,19.67,19.67,0.0,0.0,3
2023-10-23 13:14:00,19.68,19.69,19.68,19.69,0.0,0.0,2
2023-10-23 13:15:00,19.71,19.73,19.71,19.73,0.0,0.0,3
2023-10-23 13:16:00,19.7,19.76,19.7,19.76,0.0,0.0,3
2023-10-23 13:17:00,19.74,19.79,19.74,19.78,0.0,0.0,4
2023-10-23 13:18:00,19.78,19.78,19.78,19.78,0.0,0.0,0
2023-10-23 13:19:00,19.8,19.87,19.8,19.87,0.0,0.0,4
2023-10-23 13:20:00,19.88,19.88,19.85,19.85,0.0,0.0,2
2023-10-23 13:21:00,19.77,19.83,19.77,19.83,0.0,0.0,4
2023-10-23 13:22:00,19.8,19.84,19.8,19.84,0.0,0.0,3
2023-10-23 13:23:00,19.81,19.82,19.81,19.82,0.0,0.0,2
2023-10-23 13:24:00,19.85,19.85,19.82,19.82,0.0,0.0,4
2023-10-23 13:25:00,19.83,19.84,19.83,19.84,0.0,0.0,2
2023-10-23 13:26:00,19.85,19.85,19.84,19.84,0.0,0.0,2
2023-10-23 13:27:00,19.86,19.86,19.85,19.86,0.0,0.0,3
2023-10-23 13:28:00,19.85,19.89,19.85,19.89,0.0,0.0,4
2023-10-23 13:29:00,19.88,19.88,19.82,19.84,0.0,0.0,4
2023-10-23 13:30:00,19.85,19.87,19.84,19.87,0.0,0.0,3
2023-10-23 13:31:00,19.82,19.86,19.82,19.84,0.0,0.0,3
2023-10-23 13:32:00,19.83,19.85,19.83,19.85,0.0,0.0,3
2023-10-23 13:33:00,19.83,19.83,19.78,19.78,0.0,0.0,4
2023-10-23 13:34:00,19.77,19.77,19.75,19.75,0.0,0.0,2
2023-10-23 13:35:00,19.7,19.7,19.7,19.7,0.0,0.0,1
2023-10-23 13:36:00,19.72,19.72,19.7,19.7,0.0,0.0,3
2023-10-23 13:37:00,19.72,19.72,19.71,19.71,0.0,0.0,2
2023-10-23 13:38:00,19.72,19.72,19.69,19.71,0.0,0.0,4
2023-10-23 13:39:00,19.72,19.72,19.71,19.71,0.0,0.0,2
2023-10-23 13:40:00,19.7,19.73,19.7,19.73,0.0,0.0,3
2023-10-23 13:41:00,19.72,19.72,19.71,19.72,0.0,0.0,3
2023-10-23 13:42:00,19.67,19.68,19.65,19.65,0.0,0.0,3
2023-10-23 13:43:00,19.64,19.65,19.64,19.65,0.0,0.0,2
2023-10-23 13:44:00,19.61,19.65,19.61,19.65,0.0,0.0,4
2023-10-23 13:45:00,19.64,19.67,19.64,19.67,0.0,0.0,3
2023-10-23 13:46:00,19.66,19.69,19.66,19.69,0.0,0.0,2
2023-10-23 13:47:00,19.67,19.69,19.66,19.66,0.0,0.0,3
2023-10-23 13:48:00,19.63,19.63,19.6,19.6,0.0,0.0,3
2023-10-23 13:49:00,19.56,19.59,19.56,19.59,0.0,0.0,3
2023-10-23 13:50:00,19.58,19.62,19.56,19.62,0.0,0.0,4
2023-10-23 13:51:00,19.63,19.63,19.59,19.59,0.0,0.0,3
2023-10-23 13:52:00,19.62,19.62,19.6,19.6,0.0,0.0,2
2023-10-23 13:53:00,19.59,19.62,19.59,19.62,0.0,0.0,4
2023-10-23 13:54:00,19.61,19.66,19.61,19.66,0.0,0.0,3
2023-10-23 13:55:00,19.65,19.67,19.65,19.67,0.0,0.0,3
2023-10-23 13:56:00,19.68,19.72,19.67,19.71,0.0,0.0,4
2023-10-23 13:57:00,19.72,19.76,19.72,19.76,0.0,0.0,2
2023-10-23 13:58:00,19.77,19.84,19.77,19.78,0.0,0.0,3
2023-10-23 13:59:00,19.79,19.79,19.77,19.77,0.0,0.0,4
2023-10-23 14:00:00,19.76,19.84,19.76,19.84,0.0,0.0,4
2023-10-23 14:01:00,19.82,19.84,19.82,19.82,0.0,0.0,3
2023-10-23 14:02:00,19.85,19.85,19.83,19.84,0.0,0.0,4
2023-10-23 14:03:00,19.86,19.86,19.81,19.81,0.0,0.0,3
2023-10-23 14:04:00,19.83,19.83,19.8,19.8,0.0,0.0,3
2023-10-23 14:05:00,19.78,19.78,19.76,19.76,0.0,0.0,2
2023-10-23 14:06:00,19.77,19.77,19.74,19.74,0.0,0.0,3
2023-10-23 14:07:00,19.7,19.73,19.7,19.71,0.0,0.0,3
2023-10-23 14:08:00,19.7,19.7,19.7,19.7,0.0,0.0,1
2023-10-23 14:09:00,19.71,19.71,19.68,19.69,0.0,0.0,3
2023-10-23 14:10:00,19.7,19.73,19.7,19.73,0.0,0.0,3
2023-10-23 14:11:00,19.74,19.79,19.74,19.76,0.0,0.0,4
2023-10-23 14:12:00,19.79,19.84,19.78,19.84,0.0,0.0,4
2023-10-23 14:13:00,19.83,19.85,19.82,19.83,0.0,0.0,4
2023-10-23 14:14:00,19.82,19.84,19.82,19.82,0.0,0.0,3
2023-10-23 14:15:00,19.83,19.84,19.82,19.84,0.0,0.0,3
2023-10-23 14:16:00,19.86,19.88,19.84,19.88,0.0,0.0,3
2023-10-23 14:17:00,19.87,19.88,19.87,19.88,0.0,0.0,2
2023-10-23 14:18:00,19.87,19.92,19.87,19.92,0.0,0.0,4
2023-10-23 14:19:00,19.93,20.0,19.93,20.0,0.0,0.0,3
2023-10-23 14:20:00,19.96,20.02,19.96,20.02,0.0,0.0,4
2023-10-23 14:21:00,19.96,19.96,19.89,19.89,0.0,0.0,4
2023-10-23 14:22:00,19.91,19.95,19.91,19.94,0.0,0.0,3
2023-10-23 14:23:00,19.92,19.96,19.92,19.96,0.0,0.0,4
2023-10-23 14:24:00,19.95,19.96,19.94,19.94,0.0,0.0,3
2023-10-23 14:25:00,19.96,19.97,19.95,19.95,0.0,0.0,3
2023-10-23 14:26:00,19.93,19.93,19.92,19.92,0.0,0.0,2
2023-10-23 14:27:00,19.9,19.96,19.9,19.96,0.0,0.0,3
2023-10-23 14:28:00,19.97,19.97,19.96,19.96,0.0,0.0,2
2023-10-23 14:29:00,19.97,19.97,19.95,19.96,0.0,0.0,4
2023-10-23 14:30:00,19.97,19.97,19.93,19.93,0.0,0.0,3
2023-10-23 14:31:00,19.98,19.98,19.98,19.98,0.0,0.0,1
2023-10-23 14:32:00,19.96,19.98,19.95,19.97,0.0,0.0,4
2023-10-23 14:33:00,19.98,20.0,19.98,20.0,0.0,0.0,3
2023-10-23 14:34:00,20.01,20.03,20.01,20.02,0.0,0.0,4
2023-10-23 14:35:00,20.04,20.05,20.04,20.05,0.0,0.0,2
2023-10-23 14:36:00,20.02,20.02,19.96,19.96,0.0,0.0,4
2023-10-23 14:37:00,19.97,19.97,19.93,19.93,0.0,0.0,3
2023-10-23 14:38:00,19.91,19.91,19.91,19.91,0.0,0.0,1
2023-10-23 14:39:00,19.88,19.89,19.88,19.89,0.0,0.0,2
2023-10-23 14:40:00,19.88,19.88,19.8,19.8,0.0,0.0,3
2023-10-23 14:41:00,19.78,19.79,19.75,19.75,0.0,0.0,3
2023-10-23 14:42:00,19.76,19.78,19.76,19.78,0.0,0.0,2
2023-10-23 14:43:00,19.77,19.97,19.77,19.96,0.0,0.0,4
2023-10-23 14:44:00,19.98,20.0,19.97,20.0,0.0,0.0,3
2023-10-23 14:45:00,19.98,20.01,19.92,19.92,0.0,0.0,4
2023-10-23 14:46:00,19.88,19.88,19.86,19.86,0.0,0.0,4
2023-10-23 14:47:00,19.82,19.82,19.81,19.82,0.0,0.0,3
2023-10-23 14:48:00,19.81,19.82,19.81,19.81,0.0,0.0,3
2023-10-23 14:49:00,19.82,19.88,19.82,19.88,0.0,0.0,4
2023-10-23 14:50:00,19.87,19.92,19.87,19.89,0.0,0.0,4
2023-10-23 14:51:00,19.9,19.93,19.9,19.92,0.0,0.0,4
2023-10-23 14:52:00,19.9,19.95,19.89,19.95,0.0,0.0,4
2023-10-23 14:53:00,19.96,19.97,19.93,19.93,0.0,0.0,4
2023-10-23 14:54:00,19.92,19.92,19.89,19.89,0.0,0.0,4
2023-10-23 14:55:00,19.88,19.88,19.85,19.85,0.0,0.0,3
2023-10-23 14:56:00,19.94,19.94,19.92,19.94,0.0,0.0,3
2023-10-23 14:57:00,19.93,19.93,19.92,19.92,0.0,0.0,2
2023-10-23 14:58:00,19.93,19.94,19.92,19.94,0.0,0.0,3
2023-10-23 14:59:00,19.92,19.92,19.88,19.88,0.0,0.0,4
2023-10-23 15:00:00,19.85,19.87,19.84,19.84,0.0,0.0,3
2023-10-23 15:01:00,19.83,19.85,19.82,19.82,0.0,0.0,4
2023-10-23 15:02:00,19.86,19.88,19.85,19.87,0.0,0.0,4
2023-10-23 15:03:00,19.81,19.84,19.8,19.84,0.0,0.0,4
2023-10-23 15:04:00,19.83,19.83,19.8,19.82,0.0,0.0,4
2023-10-23 15:05:00,19.8,19.81,19.8,19.8,0.0,0.0,3
2023-10-23 15:06:00,19.81,19.88,19.81,19.87,0.0,0.0,3
2023-10-23 15:07:00,19.88,19.9,19.85,19.9,0.0,0.0,4
2023-10-23 15:08:00,19.89,19.94,19.89,19.94,0.0,0.0,4
2023-10-23 15:09:00,19.96,19.96,19.94,19.96,0.0,0.0,4
2023-10-23 15:10:00,19.93,19.97,19.93,19.97,0.0,0.0,3
2023-10-23 15:11:00,19.94,19.97,19.94,19.97,0.0,0.0,2
2023-10-23 15:12:00,19.98,20.01,19.98,20.01,0.0,0.0,3
2023-10-23 15:13:00,20.13,20.13,20.11,20.11,0.0,0.0,2
2023-10-23 15:14:00,20.12,20.12,20.05,20.05,0.0,0.0,3
2023-10-23 15:15:00,20.02,20.07,20.02,20.07,0.0,0.0,4
2023-10-23 15:16:00,20.06,20.06,20.04,20.05,0.0,0.0,3
2023-10-23 15:17:00,20.07,20.07,20.05,20.05,0.0,0.0,2
2023-10-23 15:18:00,20.07,20.1,20.07,20.1,0.0,0.0,2
2023-10-23 15:19:00,20.11,20.11,20.07,20.07,0.0,0.0,4
2023-10-23 15:20:00,20.09,20.16,20.09,20.13,0.0,0.0,4
2023-10-23 15:21:00,20.14,20.17,20.14,20.17,0.0,0.0,2
2023-10-23 15:22:00,20.24,20.28,20.24,20.26,0.0,0.0,3
2023-10-23 15:23:00,20.28,20.45,20.28,20.45,0.0,0.0,3
2023-10-23 15:24:00,20.4,20.45,20.35,20.35,0.0,0.0,4
2023-10-23 15:25:00,20.37,20.38,20.33,20.33,0.0,0.0,4
2023-10-23 15:26:00,20.31,20.31,20.24,20.3,0.0,0.0,4
2023-10-23 15:27:00,20.34,20.45,20.34,20.45,0.0,0.0,4
2023-10-23 15:28:00,20.43,20.46,20.43,20.44,0.0,0.0,3
2023-10-23 15:29:00,20.43,20.46,20.43,20.45,0.0,0.0,3
2023-10-23 15:30:00,20.43,20.46,20.43,20.45,0.0,0.0,4
2023-10-23 15:31:00,20.52,20.52,20.45,20.45,0.0,0.0,3
2023-10-23 15:32:00,20.43,20.5,20.43,20.5,0.0,0.0,4
2023-10-23 15:33:00,20.48,20.48,20.45,20.45,0.0,0.0,3
2023-10-23 15:34:00,20.46,20.49,20.46,20.47,0.0,0.0,4
2023-10-23 15:35:00,20.45,20.47,20.45,20.47,0.0,0.0,2
2023-10-23 15:36:00,20.48,20.52,20.48,20.52,0.0,0.0,3
2023-10-23 15:37:00,20.61,20.61,20.54,20.55,0.0,0.0,3
2023-10-23 15:38:00,20.54,20.6,20.54,20.6,0.0,0.0,4
2023-10-23 15:39:00,20.58,20.58,20.56,20.56,0.0,0.0,2
2023-10-23 15:40:00,20.5,20.5,20.46,20.46,0.0,0.0,2
2023-10-23 15:41:00,20.47,20.47,20.41,20.41,0.0,0.0,3
2023-10-23 15:42:00,20.43,20.44,20.43,20.44,0.0,0.0,4
2023-10-23 15:43:00,20.48,20.48,20.42,20.45,0.0,0.0,4
2023-10-23 15:44:00,20.45,20.45,20.45,20.45,0.0,0.0,0
2023-10-23 15:45:00,20.46,20.46,20.42,20.42,0.0,0.0,3
2023-10-23 15:46:00,20.4,20.42,20.37,20.37,0.0,0.0,4
2023-10-23 15:47:00,20.4,20.47,20.36,20.36,0.0,0.0,4
2023-10-23 15:48:00,20.35,20.35,20.29,20.31,0.0,0.0,3
2023-10-23 15:49:00,20.3,20.35,20.3,20.35,0.0,0.0,3
2023-10-23 15:50:00,20.31,20.4,20.31,20.39,0.0,0.0,4
2023-10-23 15:51:00,20.44,20.45,20.43,20.44,0.0,0.0,4
2023-10-23 15:52:00,20.45,20.45,20.45,20.45,0.0,0.0,1
2023-10-23 15:53:00,20.46,20.5,20.46,20.48,0.0,0.0,4
2023-10-23 15:54:00,20.51,20.51,20.5,20.51,0.0,0.0,3
2023-10-23 15:55:00,20.52,20.55,20.51,20.55,0.0,0.0,4
2023-10-23 15:56:00,20.54,20.56,20.53,20.56,0.0,0.0,3
2023-10-23 15:57:00,20.58,20.58,20.56,20.58,0.0,0.0,3
2023-10-23 15:58:00,20.61,20.63,20.61,20.63,0.0,0.0,2
2023-10-23 15:59:00,20.64,20.64,20.55,20.55,0.0,0.0,4
2023-10-23 16:00:00,20.78,20.78,20.51,20.51,0.0,0.0,2
2023-10-23 16:01:00,20.5,20.51,20.5,20.5,0.0,0.0,3
2023-10-23 16:02:00,20.49,20.52,20.49,20.52,0.0,0.0,3
2023-10-23 16:03:00,20.51,20.53,20.51,20.52,0.0,0.0,3
2023-10-23 16:04:00,20.51,20.51,20.47,20.48,0.0,0.0,3
2023-10-23 16:05:00,20.44,20.44,20.43,20.43,0.0,0.0,2
2023-10-23 16:06:00,20.43,20.43,20.43,20.43,0.0,0.0,0
2023-10-23 16:07:00,20.42,20.42,20.4,20.41,0.0,0.0,4
2023-10-23 16:08:00,20.39,20.39,20.38,20.38,0.0,0.0,2
2023-10-23 16:09:00,20.37,20.37,20.37,20.37,0.0,0.0,1
2023-10-23 16:10:00,20.36,20.38,20.36,20.38,0.0,0.0,3
2023-10-23 16:11:00,20.38,20.38,20.38,20.38,0.0,0.0,0
2023-10-23 16:12:00,20.39,20.39,20.38,20.38,0.0,0.0,2
2023-10-23 16:13:00,20.37,20.37,20.37,20.37,0.0,0.0,1
2023-10-23 16:14:00,20.38,20.38,20.37,20.37,0.0,0.0,2
2023-10-23 16:15:00,20.37,20.37,20.37,20.37,0.0,0.0,0
2023-10-23 16:16:00,20.37,20.37,20.37,20.37,0.0,0.0,0
2023-10-23 16:17:00,20.37,20.37,20.37,20.37,0.0,0.0,0
2023-10-23 16:18:00,20.37,20.37,20.37,20.37,0.0,0.0,0
2023-10-23 16:19:00,20.37,20.37,20.37,20.37,0.0,0.0,0
2023-10-23 16:20:00,20.37,20.37,20.37,20.37,0.0,0.0,0
2023-10-23 16:21:00,20.37,20.37,20.37,20.37,0.0,0.0,0
2023-10-23 16:22:00,20.37,20.37,20.37,20.37,0.0,0.0,0
2023-10-23 16:23:00,20.37,20.37,20.37,20.37,0.0,0.0,0
2023-10-23 16:24:00,20.37,20.37,20.37,20.37,0.0,0.0,0
2023-10-23 16:25:00,20.37,20.37,20.37,20.37,0.0,0.0,0
2023-10-23 16:26:00,20.37,20.37,20.37,20.37,0.0,0.0,0
2023-10-23 16:27:00,20.37,20.37,20.37,20.37,0.0,0.0,0
2023-10-23 16:28:00,20.37,20.37,20.37,20.37,0.0,0.0,0
2023-10-23 16:29:00,20.37,20.37,20.37,20.37,0.0,0.0,0
2023-10-23 16:30:00,20.37,20.37,20.37,20.37,0.0,0.0,0
2023-10-23 16:31:00,20.37,20.37,20.37,20.37,0.0,0.0,0
2023-10-23 16:32:00,20.37,20.37,20.37,20.37,0.0,0.0,0
2023-10-23 16:33:00,20.37,20.37,20.37,20.37,0.0,0.0,0
2023-10-23 16:34:00,20.37,20.37,20.37,20.37,0.0,0.0,0
2023-10-23 16:35:00,20.37,20.37,20.37,20.37,0.0,0.0,0
2023-10-23 16:36:00,20.37,20.37,20.37,20.37,0.0,0.0,0
2023-10-23 16:37:00,20.37,20.37,20.37,20.37,0.0,0.0,0
2023-10-23 16:38:00,20.37,20.37,20.37,20.37,0.0,0.0,0
2023-10-23 16:39:00,20.37,20.37,20.37,20.37,0.0,0.0,0
2023-10-23 16:40:00,20.37,20.37,20.37,20.37,0.0,0.0,0
2023-10-23 16:41:00,20.37,20.37,20.37,20.37,0.0,0.0,0
2023-10-23 16:42:00,20.37,20.37,20.37,20.37,0.0,0.0,0
2023-10-23 16:43:00,20.37,20.37,20.37,20.37,0.0,0.0,0
2023-10-23 16:44:00,20.37,20.37,20.37,20.37,0.0,0.0,0
2023-10-23 16:45:00,20.37,20.37,20.37,20.37,0.0,0.0,0
2023-10-23 16:46:00,20.37,20.37,20.37,20.37,0.0,0.0,0
2023-10-23 16:47:00,20.37,20.37,20.37,20.37,0.0,0.0,0
2023-10-23 16:48:00,20.37,20.37,20.37,20.37,0.0,0.0,0
2023-10-23 16:49:00,20.37,20.37,20.37,20.37,0.0,0.0,0
2023-10-23 16:50:00,20.37,20.37,20.37,20.37,0.0,0.0,0
2023-10-23 16:51:00,20.37,20.37,20.37,20.37,0.0,0.0,0
2023-10-23 16:52:00,20.37,20.37,20.37,20.37,0.0,0.0,0
2023-10-23 16:53:00,20.37,20.37,20.37,20.37,0.0,0.0,0
2023-10-23 16:54:00,20.37,20.37,20.37,20.37,0.0,0.0,0
2023-10-23 16:55:00,20.37,20.37,20.37,20.37,0.0,0.0,0
2023-10-23 16:56:00,20.37,20.37,20.37,20.37,0.0,0.0,0
2023-10-23 16:57:00,20.37,20.37,20.37,20.37,0.0,0.0,0
2023-10-23 16:58:00,20.37,20.37,20.37,20.37,0.0,0.0,0
2023-10-23 16:59:00,20.37,20.37,20.37,20.37,0.0,0.0,0
