date,open,high,low,close,volume,average,barCount
2024-08-07 09:31:00,26.89,26.91,26.86,26.86,0.0,0.0,4
2024-08-07 09:32:00,26.84,26.84,26.8,26.84,0.0,0.0,3
2024-08-07 09:33:00,26.91,26.91,26.84,26.84,0.0,0.0,4
2024-08-07 09:34:00,26.83,26.87,26.81,26.81,0.0,0.0,4
2024-08-07 09:35:00,26.73,26.73,26.62,26.62,0.0,0.0,3
2024-08-07 09:36:00,26.69,26.73,26.67,26.69,0.0,0.0,4
2024-08-07 09:37:00,26.68,26.69,26.57,26.57,0.0,0.0,4
2024-08-07 09:38:00,26.58,26.58,26.46,26.46,0.0,0.0,3
2024-08-07 09:39:00,26.52,26.52,26.43,26.43,0.0,0.0,3
2024-08-07 09:40:00,26.55,26.55,26.51,26.54,0.0,0.0,4
2024-08-07 09:41:00,26.58,26.58,26.5,26.5,0.0,0.0,3
2024-08-07 09:42:00,26.51,26.6,26.51,26.54,0.0,0.0,4
2024-08-07 09:43:00,26.52,26.55,26.44,26.49,0.0,0.0,4
2024-08-07 09:44:00,26.41,26.41,26.36,26.36,0.0,0.0,3
2024-08-07 09:45:00,26.4,26.46,26.4,26.44,0.0,0.0,4
2024-08-07 09:46:00,26.4,26.47,26.36,26.47,0.0,0.0,4
2024-08-07 09:47:00,26.41,26.47,26.36,26.47,0.0,0.0,4
2024-08-07 09:48:00,26.49,26.49,26.3,26.3,0.0,0.0,4
2024-08-07 09:49:00,26.32,26.32,26.3,26.3,0.0,0.0,2
2024-08-07 09:50:00,26.24,26.24,26.21,26.23,0.0,0.0,3
2024-08-07 09:51:00,26.34,26.34,26.27,26.34,0.0,0.0,3
2024-08-07 09:52:00,26.31,26.37,26.31,26.34,0.0,0.0,4
2024-08-07 09:53:00,26.37,26.41,26.35,26.35,0.0,0.0,4
2024-08-07 09:54:00,26.34,26.36,26.3,26.34,0.0,0.0,4
2024-08-07 09:55:00,26.28,26.41,26.28,26.35,0.0,0.0,4
2024-08-07 09:56:00,26.41,26.41,26.34,26.37,0.0,0.0,4
2024-08-07 09:57:00,26.33,26.33,26.28,26.31,0.0,0.0,4
2024-08-07 09:58:00,26.34,26.41,26.34,26.41,0.0,0.0,4
2024-08-07 09:59:00,26.36,26.36,26.25,26.25,0.0,0.0,4
2024-08-07 10:00:00,26.2,26.2,26.16,26.16,0.0,0.0,2
2024-08-07 10:01:00,26.17,26.18,26.16,26.16,0.0,0.0,3
2024-08-07 10:02:00,26.18,26.22,26.18,26.22,0.0,0.0,3
2024-08-07 10:03:00,26.19,26.24,26.19,26.21,0.0,0.0,4
2024-08-07 10:04:00,26.24,26.36,26.24,26.36,0.0,0.0,4
2024-08-07 10:05:00,26.44,26.47,26.44,26.47,0.0,0.0,2
2024-08-07 10:06:00,26.44,26.44,26.35,26.35,0.0,0.0,4
2024-08-07 10:07:00,26.41,26.41,26.34,26.34,0.0,0.0,3
2024-08-07 10:08:00,26.41,26.41,26.33,26.33,0.0,0.0,3
2024-08-07 10:09:00,26.34,26.38,26.33,26.33,0.0,0.0,4
2024-08-07 10:10:00,26.3,26.32,26.29,26.32,0.0,0.0,4
2024-08-07 10:11:00,26.31,26.35,26.31,26.35,0.0,0.0,4
2024-08-07 10:12:00,26.38,26.38,26.31,26.34,0.0,0.0,3
2024-08-07 10:13:00,26.32,26.4,26.32,26.39,0.0,0.0,4
2024-08-07 10:14:00,26.34,26.45,26.34,26.45,0.0,0.0,4
2024-08-07 10:15:00,26.4,26.4,26.33,26.35,0.0,0.0,3
2024-08-07 10:16:00,26.34,26.43,26.34,26.43,0.0,0.0,3
2024-08-07 10:17:00,26.45,26.48,26.42,26.48,0.0,0.0,3
2024-08-07 10:18:00,26.55,26.66,26.55,26.6,0.0,0.0,4
2024-08-07 10:19:00,26.67,26.73,26.67,26.73,0.0,0.0,4
2024-08-07 10:20:00,26.72,26.72,26.59,26.59,0.0,0.0,4
2024-08-07 10:21:00,26.61,26.63,26.61,26.62,0.0,0.0,3
2024-08-07 10:22:00,26.61,26.61,26.57,26.57,0.0,0.0,4
2024-08-07 10:23:00,26.53,26.53,26.48,26.49,0.0,0.0,3
2024-08-07 10:24:00,26.51,26.51,26.48,26.51,0.0,0.0,4
2024-08-07 10:25:00,26.53,26.64,26.53,26.55,0.0,0.0,4
2024-08-07 10:26:00,26.57,26.6,26.57,26.6,0.0,0.0,4
2024-08-07 10:27:00,26.63,26.68,26.59,26.59,0.0,0.0,4
2024-08-07 10:28:00,26.66,26.75,26.66,26.75,0.0,0.0,4
2024-08-07 10:29:00,26.79,26.79,26.74,26.79,0.0,0.0,4
2024-08-07 10:30:00,26.85,26.85,26.77,26.77,0.0,0.0,2
2024-08-07 10:31:00,26.76,26.79,26.76,26.76,0.0,0.0,3
2024-08-07 10:32:00,26.79,26.79,26.66,26.68,0.0,0.0,4
2024-08-07 10:33:00,26.7,26.7,26.66,26.67,0.0,0.0,4
2024-08-07 10:34:00,26.66,26.67,26.63,26.67,0.0,0.0,4
2024-08-07 10:35:00,26.61,26.71,26.61,26.71,0.0,0.0,4
2024-08-07 10:36:00,26.65,26.72,26.65,26.71,0.0,0.0,4
2024-08-07 10:37:00,26.63,26.68,26.63,26.63,0.0,0.0,4
2024-08-07 10:38:00,26.59,26.66,26.59,26.66,0.0,0.0,3
2024-08-07 10:39:00,26.63,26.72,26.63,26.71,0.0,0.0,4
2024-08-07 10:40:00,26.66,26.66,26.63,26.65,0.0,0.0,3
2024-08-07 10:41:00,26.64,26.69,26.62,26.69,0.0,0.0,4
2024-08-07 10:42:00,26.58,26.58,26.53,26.57,0.0,0.0,4
2024-08-07 10:43:00,26.51,26.51,26.43,26.44,0.0,0.0,4
2024-08-07 10:44:00,26.43,26.43,26.33,26.33,0.0,0.0,4
2024-08-07 10:45:00,26.29,26.29,26.21,26.21,0.0,0.0,4
2024-08-07 10:46:00,26.22,26.27,26.22,26.27,0.0,0.0,4
2024-08-07 10:47:00,26.22,26.22,26.15,26.15,0.0,0.0,3
2024-08-07 10:48:00,26.19,26.22,26.16,26.21,0.0,0.0,4
2024-08-07 10:49:00,26.2,26.26,26.2,26.25,0.0,0.0,3
2024-08-07 10:50:00,26.21,26.26,26.21,26.24,0.0,0.0,3
2024-08-07 10:51:00,26.22,26.22,26.18,26.22,0.0,0.0,4
2024-08-07 10:52:00,26.18,26.2,26.18,26.19,0.0,0.0,3
2024-08-07 10:53:00,26.25,26.26,26.23,26.23,0.0,0.0,4
2024-08-07 10:54:00,26.27,26.33,26.27,26.31,0.0,0.0,3
2024-08-07 10:55:00,26.32,26.32,26.28,26.28,0.0,0.0,4
2024-08-07 10:56:00,26.29,26.29,26.27,26.27,0.0,0.0,2
2024-08-07 10:57:00,26.32,26.33,26.28,26.28,0.0,0.0,4
2024-08-07 10:58:00,26.26,26.26,26.23,26.24,0.0,0.0,4
2024-08-07 10:59:00,26.28,26.3,26.28,26.3,0.0,0.0,4
2024-08-07 11:00:00,26.29,26.29,26.22,26.22,0.0,0.0,4
2024-08-07 11:01:00,26.26,26.31,26.26,26.31,0.0,0.0,3
2024-08-07 11:02:00,26.32,26.34,26.29,26.29,0.0,0.0,4
2024-08-07 11:03:00,26.28,26.28,26.22,26.23,0.0,0.0,4
2024-08-07 11:04:00,26.21,26.21,26.16,26.17,0.0,0.0,4
2024-08-07 11:05:00,26.16,26.16,26.15,26.15,0.0,0.0,2
2024-08-07 11:06:00,26.18,26.21,26.18,26.21,0.0,0.0,2
2024-08-07 11:07:00,26.24,26.24,26.17,26.17,0.0,0.0,4
2024-08-07 11:08:00,26.18,26.18,26.16,26.16,0.0,0.0,3
2024-08-07 11:09:00,26.18,26.19,26.16,26.19,0.0,0.0,3
2024-08-07 11:10:00,26.16,26.22,26.16,26.22,0.0,0.0,3
2024-08-07 11:11:00,26.25,26.36,26.22,26.36,0.0,0.0,4
2024-08-07 11:12:00,26.29,26.34,26.25,26.34,0.0,0.0,3
2024-08-07 11:13:00,26.32,26.37,26.3,26.33,0.0,0.0,4
2024-08-07 11:14:00,26.39,26.42,26.39,26.41,0.0,0.0,4
2024-08-07 11:15:00,26.39,26.39,26.34,26.34,0.0,0.0,3
2024-08-07 11:16:00,26.37,26.44,26.36,26.44,0.0,0.0,4
2024-08-07 11:17:00,26.49,26.52,26.49,26.49,0.0,0.0,3
2024-08-07 11:18:00,26.52,26.55,26.52,26.55,0.0,0.0,2
2024-08-07 11:19:00,26.58,26.58,26.49,26.5,0.0,0.0,4
2024-08-07 11:20:00,26.47,26.54,26.47,26.5,0.0,0.0,4
2024-08-07 11:21:00,26.48,26.49,26.47,26.47,0.0,0.0,3
2024-08-07 11:22:00,26.42,26.47,26.42,26.46,0.0,0.0,4
2024-08-07 11:23:00,26.5,26.51,26.47,26.47,0.0,0.0,4
2024-08-07 11:24:00,26.45,26.51,26.42,26.51,0.0,0.0,4
2024-08-07 11:25:00,26.52,26.57,26.52,26.55,0.0,0.0,4
2024-08-07 11:26:00,26.53,26.54,26.52,26.54,0.0,0.0,3
2024-08-07 11:27:00,26.51,26.54,26.51,26.54,0.0,0.0,3
2024-08-07 11:28:00,26.52,26.52,26.48,26.48,0.0,0.0,4
2024-08-07 11:29:00,26.46,26.47,26.45,26.45,0.0,0.0,3
2024-08-07 11:30:00,26.46,26.46,26.39,26.39,0.0,0.0,4
2024-08-07 11:31:00,26.4,26.44,26.39,26.39,0.0,0.0,4
2024-08-07 11:32:00,26.36,26.4,26.36,26.4,0.0,0.0,2
2024-08-07 11:33:00,26.38,26.38,26.36,26.36,0.0,0.0,3
2024-08-07 11:34:00,26.42,26.42,26.39,26.42,0.0,0.0,4
2024-08-07 11:35:00,26.38,26.38,26.33,26.35,0.0,0.0,4
2024-08-07 11:36:00,26.32,26.32,26.29,26.29,0.0,0.0,4
2024-08-07 11:37:00,26.31,26.38,26.31,26.35,0.0,0.0,3
2024-08-07 11:38:00,26.33,26.38,26.33,26.37,0.0,0.0,4
2024-08-07 11:39:00,26.36,26.36,26.35,26.35,0.0,0.0,4
2024-08-07 11:40:00,26.37,26.46,26.37,26.43,0.0,0.0,4
2024-08-07 11:41:00,26.44,26.44,26.39,26.39,0.0,0.0,3
2024-08-07 11:42:00,26.38,26.38,26.33,26.37,0.0,0.0,3
2024-08-07 11:43:00,26.39,26.44,26.39,26.44,0.0,0.0,4
2024-08-07 11:44:00,26.41,26.56,26.41,26.56,0.0,0.0,4
2024-08-07 11:45:00,26.66,26.77,26.66,26.77,0.0,0.0,3
2024-08-07 11:46:00,26.81,26.81,26.73,26.73,0.0,0.0,4
2024-08-07 11:47:00,26.74,26.81,26.74,26.78,0.0,0.0,4
2024-08-07 11:48:00,26.79,26.9,26.79,26.88,0.0,0.0,4
2024-08-07 11:49:00,26.85,26.87,26.84,26.86,0.0,0.0,4
2024-08-07 11:50:00,26.83,26.88,26.82,26.88,0.0,0.0,4
2024-08-07 11:51:00,26.85,26.85,26.84,26.85,0.0,0.0,3
2024-08-07 11:52:00,26.79,26.83,26.76,26.76,0.0,0.0,4
2024-08-07 11:53:00,26.81,26.81,26.73,26.73,0.0,0.0,4
2024-08-07 11:54:00,26.74,26.75,26.74,26.74,0.0,0.0,3
2024-08-07 11:55:00,26.76,26.77,26.76,26.77,0.0,0.0,2
2024-08-07 11:56:00,26.78,26.8,26.78,26.79,0.0,0.0,3
2024-08-07 11:57:00,26.77,26.77,26.75,26.75,0.0,0.0,4
2024-08-07 11:58:00,26.73,26.73,26.69,26.7,0.0,0.0,4
2024-08-07 11:59:00,26.74,26.74,26.71,26.71,0.0,0.0,2
2024-08-07 12:00:00,26.72,26.77,26.72,26.74,0.0,0.0,4
2024-08-07 12:01:00,26.77,26.85,26.77,26.83,0.0,0.0,4
2024-08-07 12:02:00,26.82,26.94,26.82,26.94,0.0,0.0,4
2024-08-07 12:03:00,26.98,27.22,26.98,27.22,0.0,0.0,4
2024-08-07 12:04:00,27.28,27.34,27.28,27.34,0.0,0.0,3
2024-08-07 12:05:00,27.31,27.35,27.29,27.35,0.0,0.0,4
2024-08-07 12:06:00,27.28,27.3,27.21,27.21,0.0,0.0,4
2024-08-07 12:07:00,27.18,27.23,27.18,27.23,0.0,0.0,2
2024-08-07 12:08:00,27.28,27.28,27.21,27.21,0.0,0.0,3
2024-08-07 12:09:00,27.19,27.21,27.18,27.21,0.0,0.0,4
2024-08-07 12:10:00,27.25,27.28,27.24,27.24,0.0,0.0,4
2024-08-07 12:11:00,27.27,27.27,27.18,27.22,0.0,0.0,4
2024-08-07 12:12:00,27.21,27.24,27.19,27.19,0.0,0.0,3
2024-08-07 12:13:00,27.2,27.2,27.17,27.17,0.0,0.0,4
2024-08-07 12:14:00,27.22,27.22,27.04,27.04,0.0,0.0,3
2024-08-07 12:15:00,27.1,27.12,27.1,27.12,0.0,0.0,2
2024-08-07 12:16:00,27.14,27.16,27.12,27.12,0.0,0.0,3
2024-08-07 12:17:00,27.13,27.16,27.13,27.16,0.0,0.0,3
2024-08-07 12:18:00,27.19,27.19,27.16,27.16,0.0,0.0,4
2024-08-07 12:19:00,27.18,27.18,27.13,27.13,0.0,0.0,3
2024-08-07 12:20:00,27.16,27.19,27.04,27.04,0.0,0.0,4
2024-08-07 12:21:00,27.01,27.01,26.95,26.97,0.0,0.0,3
2024-08-07 12:22:00,26.95,27.03,26.95,27.01,0.0,0.0,3
2024-08-07 12:23:00,26.98,27.0,26.97,26.97,0.0,0.0,4
2024-08-07 12:24:00,26.94,26.97,26.94,26.97,0.0,0.0,4
2024-08-07 12:25:00,26.92,26.96,26.9,26.96,0.0,0.0,4
2024-08-07 12:26:00,27.0,27.0,26.98,26.98,0.0,0.0,3
2024-08-07 12:27:00,26.99,27.02,26.97,26.99,0.0,0.0,4
2024-08-07 12:28:00,26.94,26.94,26.88,26.89,0.0,0.0,3
2024-08-07 12:29:00,26.9,26.91,26.89,26.91,0.0,0.0,3
2024-08-07 12:30:00,26.9,26.9,26.88,26.9,0.0,0.0,3
2024-08-07 12:31:00,26.91,26.97,26.91,26.97,0.0,0.0,3
2024-08-07 12:32:00,26.96,26.99,26.96,26.98,0.0,0.0,4
2024-08-07 12:33:00,26.96,27.01,26.96,26.97,0.0,0.0,4
2024-08-07 12:34:00,26.96,26.97,26.91,26.91,0.0,0.0,3
2024-08-07 12:35:00,26.92,26.94,26.92,26.93,0.0,0.0,4
2024-08-07 12:36:00,26.95,26.95,26.91,26.91,0.0,0.0,3
2024-08-07 12:37:00,26.9,26.96,26.9,26.96,0.0,0.0,4
2024-08-07 12:38:00,27.01,27.02,27.0,27.0,0.0,0.0,4
2024-08-07 12:39:00,27.01,27.01,27.01,27.01,0.0,0.0,1
2024-08-07 12:40:00,27.05,27.08,27.01,27.01,0.0,0.0,4
2024-08-07 12:41:00,26.98,27.04,26.98,27.03,0.0,0.0,4
2024-08-07 12:42:00,27.01,27.07,27.01,27.07,0.0,0.0,4
2024-08-07 12:43:00,27.15,27.28,27.15,27.27,0.0,0.0,4
2024-08-07 12:44:00,27.28,27.36,27.28,27.34,0.0,0.0,4
2024-08-07 12:45:00,27.37,27.37,27.29,27.33,0.0,0.0,4
2024-08-07 12:46:00,27.34,27.41,27.32,27.41,0.0,0.0,4
2024-08-07 12:47:00,27.45,27.56,27.45,27.56,0.0,0.0,3
2024-08-07 12:48:00,27.6,27.66,27.59,27.66,0.0,0.0,4
2024-08-07 12:49:00,27.64,27.67,27.64,27.67,0.0,0.0,2
2024-08-07 12:50:00,27.69,27.77,27.69,27.77,0.0,0.0,4
2024-08-07 12:51:00,27.79,27.79,27.71,27.71,0.0,0.0,4
2024-08-07 12:52:00,27.72,27.77,27.72,27.77,0.0,0.0,3
2024-08-07 12:53:00,27.76,27.82,27.76,27.82,0.0,0.0,3
2024-08-07 12:54:00,27.81,27.86,27.79,27.86,0.0,0.0,4
2024-08-07 12:55:00,27.84,27.84,27.8,27.8,0.0,0.0,3
2024-08-07 12:56:00,27.76,27.77,27.74,27.74,0.0,0.0,4
2024-08-07 12:57:00,27.75,27.75,27.69,27.69,0.0,0.0,4
2024-08-07 12:58:00,27.7,27.76,27.7,27.76,0.0,0.0,4
2024-08-07 12:59:00,27.75,27.76,27.74,27.76,0.0,0.0,3
2024-08-07 13:00:00,27.79,27.79,27.71,27.73,0.0,0.0,4
2024-08-07 13:01:00,27.7,27.74,27.7,27.7,0.0,0.0,3
2024-08-07 13:02:00,27.68,27.84,27.68,27.84,0.0,0.0,4
2024-08-07 13:03:00,27.9,27.9,27.77,27.77,0.0,0.0,4
2024-08-07 13:04:00,27.8,27.81,27.78,27.81,0.0,0.0,3
2024-08-07 13:05:00,27.83,27.91,27.83,27.85,0.0,0.0,4
2024-08-07 13:06:00,27.88,27.88,27.79,27.79,0.0,0.0,4
2024-08-07 13:07:00,27.8,27.84,27.79,27.79,0.0,0.0,4
2024-08-07 13:08:00,27.84,27.84,27.84,27.84,0.0,0.0,1
2024-08-07 13:09:00,27.87,27.98,27.87,27.98,0.0,0.0,4
2024-08-07 13:10:00,28.04,28.04,27.98,28.0,0.0,0.0,4
2024-08-07 13:11:00,28.01,28.22,28.01,28.22,0.0,0.0,4
2024-08-07 13:12:00,28.24,28.28,28.21,28.28,0.0,0.0,4
2024-08-07 13:13:00,28.27,28.31,28.23,28.23,0.0,0.0,4
2024-08-07 13:14:00,28.25,28.25,28.23,28.23,0.0,0.0,2
2024-08-07 13:15:00,28.22,28.33,28.22,28.27,0.0,0.0,4
2024-08-07 13:16:00,28.3,28.3,28.29,28.3,0.0,0.0,3
2024-08-07 13:17:00,28.28,28.37,28.28,28.37,0.0,0.0,4
2024-08-07 13:18:00,28.46,28.51,28.4,28.51,0.0,0.0,4
2024-08-07 13:19:00,28.57,28.57,28.52,28.52,0.0,0.0,4
2024-08-07 13:20:00,28.51,28.51,28.34,28.34,0.0,0.0,4
2024-08-07 13:21:00,28.35,28.37,28.35,28.37,0.0,0.0,3
2024-08-07 13:22:00,28.3,28.32,28.23,28.23,0.0,0.0,4
2024-08-07 13:23:00,28.37,28.37,28.19,28.19,0.0,0.0,4
2024-08-07 13:24:00,28.16,28.19,28.12,28.19,0.0,0.0,4
2024-08-07 13:25:00,28.09,28.09,27.91,27.91,0.0,0.0,4
2024-08-07 13:26:00,27.89,27.91,27.86,27.86,0.0,0.0,4
2024-08-07 13:27:00,27.85,27.9,27.84,27.84,0.0,0.0,4
2024-08-07 13:28:00,27.93,28.04,27.93,28.04,0.0,0.0,4
2024-08-07 13:29:00,28.06,28.17,28.06,28.17,0.0,0.0,4
2024-08-07 13:30:00,28.16,28.16,28.04,28.04,0.0,0.0,4
2024-08-07 13:31:00,28.07,28.08,28.03,28.05,0.0,0.0,4
2024-08-07 13:32:00,28.04,28.07,28.03,28.07,0.0,0.0,4
2024-08-07 13:33:00,28.08,28.08,28.06,28.07,0.0,0.0,3
2024-08-07 13:34:00,28.11,28.14,28.08,28.08,0.0,0.0,4
2024-08-07 13:35:00,27.99,27.99,27.92,27.94,0.0,0.0,4
2024-08-07 13:36:00,27.97,27.99,27.97,27.98,0.0,0.0,3
2024-08-07 13:37:00,27.96,27.96,27.92,27.92,0.0,0.0,3
2024-08-07 13:38:00,27.83,27.83,27.77,27.77,0.0,0.0,3
2024-08-07 13:39:00,27.79,27.8,27.76,27.8,0.0,0.0,3
2024-08-07 13:40:00,27.82,27.82,27.73,27.78,0.0,0.0,4
2024-08-07 13:41:00,27.79,27.86,27.79,27.86,0.0,0.0,3
2024-08-07 13:42:00,27.92,27.98,27.92,27.98,0.0,0.0,4
2024-08-07 13:43:00,27.99,28.03,27.99,28.03,0.0,0.0,4
2024-08-07 13:44:00,27.99,28.03,27.99,28.03,0.0,0.0,3
2024-08-07 13:45:00,28.04,28.04,27.97,28.0,0.0,0.0,4
2024-08-07 13:46:00,28.03,28.14,28.03,28.13,0.0,0.0,3
2024-08-07 13:47:00,28.1,28.2,28.1,28.2,0.0,0.0,4
2024-08-07 13:48:00,28.3,28.35,28.24,28.35,0.0,0.0,4
2024-08-07 13:49:00,28.4,28.4,28.35,28.38,0.0,0.0,4
2024-08-07 13:50:00,28.39,28.48,28.39,28.48,0.0,0.0,4
2024-08-07 13:51:00,28.41,28.51,28.41,28.51,0.0,0.0,4
2024-08-07 13:52:00,28.48,28.57,28.48,28.55,0.0,0.0,4
2024-08-07 13:53:00,28.53,28.59,28.53,28.58,0.0,0.0,4
2024-08-07 13:54:00,28.56,28.56,28.43,28.43,0.0,0.0,4
2024-08-07 13:55:00,28.49,28.57,28.45,28.57,0.0,0.0,4
2024-08-07 13:56:00,28.65,28.65,28.61,28.61,0.0,0.0,2
2024-08-07 13:57:00,28.66,28.67,28.6,28.62,0.0,0.0,4
2024-08-07 13:58:00,28.68,28.75,28.67,28.75,0.0,0.0,4
2024-08-07 13:59:00,28.71,28.71,28.64,28.64,0.0,0.0,3
2024-08-07 14:00:00,28.66,28.66,28.63,28.63,0.0,0.0,3
2024-08-07 14:01:00,28.65,28.67,28.65,28.66,0.0,0.0,3
2024-08-07 14:02:00,28.64,28.64,28.59,28.59,0.0,0.0,3
2024-08-07 14:03:00,28.65,28.67,28.65,28.65,0.0,0.0,3
2024-08-07 14:04:00,28.67,28.71,28.67,28.71,0.0,0.0,4
2024-08-07 14:05:00,28.68,28.68,28.62,28.68,0.0,0.0,3
2024-08-07 14:06:00,28.73,28.74,28.72,28.74,0.0,0.0,3
2024-08-07 14:07:00,28.7,28.87,28.7,28.87,0.0,0.0,4
2024-08-07 14:08:00,28.88,28.88,28.77,28.85,0.0,0.0,4
2024-08-07 14:09:00,28.76,28.85,28.76,28.85,0.0,0.0,4
2024-08-07 14:10:00,28.84,28.93,28.83,28.93,0.0,0.0,4
2024-08-07 14:11:00,28.91,28.99,28.91,28.99,0.0,0.0,4
2024-08-07 14:12:00,29.01,29.03,28.97,29.03,0.0,0.0,4
2024-08-07 14:13:00,29.04,29.16,29.04,29.16,0.0,0.0,4
2024-08-07 14:14:00,29.15,29.21,29.15,29.21,0.0,0.0,4
2024-08-07 14:15:00,29.26,29.5,29.26,29.5,0.0,0.0,4
2024-08-07 14:16:00,29.44,29.53,29.44,29.53,0.0,0.0,3
2024-08-07 14:17:00,29.54,29.54,29.39,29.39,0.0,0.0,4
2024-08-07 14:18:00,29.31,29.38,29.28,29.38,0.0,0.0,3
2024-08-07 14:19:00,29.41,29.41,29.38,29.39,0.0,0.0,4
2024-08-07 14:20:00,29.36,29.36,29.34,29.36,0.0,0.0,3
2024-08-07 14:21:00,29.37,29.37,29.22,29.22,0.0,0.0,4
2024-08-07 14:22:00,29.21,29.23,29.2,29.21,0.0,0.0,4
2024-08-07 14:23:00,29.25,29.25,29.1,29.1,0.0,0.0,4
2024-08-07 14:24:00,29.17,29.17,29.13,29.13,0.0,0.0,3
2024-08-07 14:25:00,29.06,29.06,28.96,28.96,0.0,0.0,3
2024-08-07 14:26:00,28.9,28.91,28.84,28.84,0.0,0.0,4
2024-08-07 14:27:00,28.79,28.85,28.79,28.85,0.0,0.0,3
2024-08-07 14:28:00,28.83,28.86,28.83,28.86,0.0,0.0,2
2024-08-07 14:29:00,28.91,28.91,28.85,28.89,0.0,0.0,4
2024-08-07 14:30:00,28.88,29.0,28.88,28.96,0.0,0.0,3
2024-08-07 14:31:00,28.92,29.0,28.88,29.0,0.0,0.0,4
2024-08-07 14:32:00,28.98,29.09,28.98,29.09,0.0,0.0,4
2024-08-07 14:33:00,29.08,29.08,28.98,29.08,0.0,0.0,4
2024-08-07 14:34:00,29.05,29.05,29.05,29.05,0.0,0.0,1
2024-08-07 14:35:00,29.02,29.04,29.0,29.04,0.0,0.0,4
2024-08-07 14:36:00,29.0,29.05,28.94,29.05,0.0,0.0,4
2024-08-07 14:37:00,29.09,29.13,29.06,29.06,0.0,0.0,3
2024-08-07 14:38:00,29.08,29.09,29.07,29.07,0.0,0.0,3
2024-08-07 14:39:00,29.06,29.06,29.03,29.03,0.0,0.0,2
2024-08-07 14:40:00,28.99,28.99,28.87,28.87,0.0,0.0,4
2024-08-07 14:41:00,28.86,28.87,28.83,28.85,0.0,0.0,4
2024-08-07 14:42:00,28.83,28.84,28.79,28.84,0.0,0.0,3
2024-08-07 14:43:00,28.83,28.9,28.83,28.9,0.0,0.0,4
2024-08-07 14:44:00,28.92,28.92,28.88,28.91,0.0,0.0,4
2024-08-07 14:45:00,28.93,28.93,28.88,28.88,0.0,0.0,4
2024-08-07 14:46:00,28.9,28.9,28.86,28.88,0.0,0.0,3
2024-08-07 14:47:00,28.85,29.19,28.85,29.19,0.0,0.0,4
2024-08-07 14:48:00,29.24,29.33,29.22,29.33,0.0,0.0,4
2024-08-07 14:49:00,29.31,29.31,29.25,29.25,0.0,0.0,3
2024-08-07 14:50:00,29.19,29.24,29.19,29.24,0.0,0.0,3
2024-08-07 14:51:00,29.19,29.24,29.19,29.24,0.0,0.0,3
2024-08-07 14:52:00,29.3,29.3,29.25,29.26,0.0,0.0,4
2024-08-07 14:53:00,29.27,29.27,29.22,29.22,0.0,0.0,2
2024-08-07 14:54:00,29.18,29.22,29.18,29.2,0.0,0.0,4
2024-08-07 14:55:00,29.22,29.22,29.09,29.09,0.0,0.0,3
2024-08-07 14:56:00,29.08,29.14,29.08,29.14,0.0,0.0,3
2024-08-07 14:57:00,29.09,29.12,29.07,29.09,0.0,0.0,4
2024-08-07 14:58:00,29.08,29.08,29.0,29.0,0.0,0.0,3
2024-08-07 14:59:00,28.98,29.08,28.98,29.08,0.0,0.0,3
2024-08-07 15:00:00,29.0,29.0,28.96,28.97,0.0,0.0,4
2024-08-07 15:01:00,29.05,29.05,29.0,29.0,0.0,0.0,3
2024-08-07 15:02:00,28.95,28.95,28.71,28.71,0.0,0.0,4
2024-08-07 15:03:00,28.68,28.68,28.58,28.58,0.0,0.0,3
2024-08-07 15:04:00,28.51,28.51,28.42,28.43,0.0,0.0,4
2024-08-07 15:05:00,28.35,28.35,28.33,28.35,0.0,0.0,4
2024-08-07 15:06:00,28.31,28.32,28.21,28.25,0.0,0.0,4
2024-08-07 15:07:00,28.27,28.43,28.27,28.43,0.0,0.0,4
2024-08-07 15:08:00,28.46,28.46,28.4,28.4,0.0,0.0,3
2024-08-07 15:09:00,28.38,28.42,28.38,28.42,0.0,0.0,3
2024-08-07 15:10:00,28.43,28.45,28.42,28.45,0.0,0.0,3
2024-08-07 15:11:00,28.4,28.43,28.39,28.39,0.0,0.0,3
2024-08-07 15:12:00,28.4,28.43,28.4,28.43,0.0,0.0,2
2024-08-07 15:13:00,28.44,28.57,28.44,28.57,0.0,0.0,4
2024-08-07 15:14:00,28.55,28.56,28.53,28.56,0.0,0.0,3
2024-08-07 15:15:00,28.58,28.58,28.46,28.46,0.0,0.0,4
2024-08-07 15:16:00,28.42,28.5,28.42,28.5,0.0,0.0,3
2024-08-07 15:17:00,28.45,28.47,28.38,28.38,0.0,0.0,3
2024-08-07 15:18:00,28.4,28.4,28.33,28.33,0.0,0.0,3
2024-08-07 15:19:00,28.36,28.36,28.3,28.3,0.0,0.0,3
2024-08-07 15:20:00,28.32,28.32,28.23,28.23,0.0,0.0,3
2024-08-07 15:21:00,28.22,28.29,28.22,28.29,0.0,0.0,4
2024-08-07 15:22:00,28.35,28.4,28.33,28.4,0.0,0.0,4
2024-08-07 15:23:00,28.41,28.48,28.36,28.48,0.0,0.0,4
2024-08-07 15:24:00,28.46,28.46,28.42,28.43,0.0,0.0,3
2024-08-07 15:25:00,28.4,28.47,28.4,28.45,0.0,0.0,4
2024-08-07 15:26:00,28.43,28.52,28.43,28.48,0.0,0.0,4
2024-08-07 15:27:00,28.54,28.62,28.51,28.62,0.0,0.0,4
2024-08-07 15:28:00,28.61,28.61,28.54,28.54,0.0,0.0,4
2024-08-07 15:29:00,28.45,28.45,28.43,28.43,0.0,0.0,2
2024-08-07 15:30:00,28.45,28.57,28.45,28.56,0.0,0.0,4
2024-08-07 15:31:00,28.58,28.65,28.56,28.59,0.0,0.0,4
2024-08-07 15:32:00,28.6,28.6,28.45,28.45,0.0,0.0,3
2024-08-07 15:33:00,28.39,28.42,28.39,28.42,0.0,0.0,3
2024-08-07 15:34:00,28.44,28.55,28.42,28.55,0.0,0.0,4
2024-08-07 15:35:00,28.53,28.55,28.52,28.52,0.0,0.0,4
2024-08-07 15:36:00,28.51,28.51,28.43,28.43,0.0,0.0,4
2024-08-07 15:37:00,28.4,28.4,28.35,28.36,0.0,0.0,3
2024-08-07 15:38:00,28.38,28.41,28.33,28.41,0.0,0.0,4
2024-08-07 15:39:00,28.45,28.51,28.45,28.51,0.0,0.0,4
2024-08-07 15:40:00,28.52,28.58,28.52,28.58,0.0,0.0,4
2024-08-07 15:41:00,28.62,28.63,28.56,28.56,0.0,0.0,4
2024-08-07 15:42:00,28.55,28.62,28.55,28.6,0.0,0.0,4
2024-08-07 15:43:00,28.62,28.67,28.62,28.67,0.0,0.0,4
2024-08-07 15:44:00,28.66,28.71,28.66,28.71,0.0,0.0,4
2024-08-07 15:45:00,28.68,28.7,28.65,28.7,0.0,0.0,4
2024-08-07 15:46:00,28.68,28.68,28.54,28.59,0.0,0.0,4
2024-08-07 15:47:00,28.57,28.67,28.57,28.67,0.0,0.0,4
2024-08-07 15:48:00,28.6,28.62,28.53,28.55,0.0,0.0,4
2024-08-07 15:49:00,28.58,28.58,28.55,28.57,0.0,0.0,3
2024-08-07 15:50:00,28.59,28.68,28.56,28.68,0.0,0.0,4
2024-08-07 15:51:00,28.76,28.86,28.76,28.86,0.0,0.0,3
2024-08-07 15:52:00,28.87,28.9,28.87,28.9,0.0,0.0,4
2024-08-07 15:53:00,28.84,28.84,28.75,28.82,0.0,0.0,4
2024-08-07 15:54:00,28.84,29.03,28.84,29.03,0.0,0.0,4
2024-08-07 15:55:00,29.05,29.17,29.05,29.17,0.0,0.0,4
2024-08-07 15:56:00,29.16,29.21,29.16,29.21,0.0,0.0,3
2024-08-07 15:57:00,29.22,29.25,29.22,29.23,0.0,0.0,4
2024-08-07 15:58:00,29.21,29.24,29.21,29.22,0.0,0.0,3
2024-08-07 15:59:00,29.21,29.24,29.21,29.22,0.0,0.0,4
